Combination,Selection,Crossover,Mutation,Round,Cost_AgentA,Cost_AgentB
1,RANK,ORDER,SCRAMBLE,0,9840.0,2677.0
1,RANK,ORDER,SCRAMBLE,1,9948.0,2627.0
1,RANK,ORDER,SCRAMBLE,2,10264.0,2613.0
1,RANK,ORDER,SCRAMBLE,3,9018.0,2685.0
1,RANK,ORDER,SCRAMBLE,4,9546.0,2606.0
1,RANK,ORDER,SCRAMBLE,5,9818.0,2601.0
1,RANK,ORDER,SCRAMBLE,6,9316.0,2675.0
1,RANK,ORDER,SCRAMBLE,7,8855.0,2641.0
1,RANK,ORDER,SCRAMBLE,8,9639.0,2620.0
1,RANK,ORDER,SCRAMBLE,9,9710.0,2621.0
1,RANK,ORDER,SCRAMBLE,10,9771.0,2599.0
1,RANK,ORDER,SCRAMBLE,11,9050.0,2613.0
1,RANK,ORDER,SCRAMBLE,12,8837.0,2693.0
1,RANK,ORDER,SCRAMBLE,13,9532.0,2667.0
1,RANK,ORDER,SCRAMBLE,14,10132.0,2591.0
1,RANK,ORDER,SCRAMBLE,15,9414.0,2645.0
1,RANK,ORDER,SCRAMBLE,16,9608.0,2620.0
1,RANK,ORDER,SCRAMBLE,17,9693.0,2609.0
1,RANK,ORDER,SCRAMBLE,18,10073.0,2662.0
1,RANK,ORDER,SCRAMBLE,19,9564.0,2620.0
1,RANK,ORDER,SCRAMBLE,20,9367.0,2637.0
1,RANK,ORDER,SCRAMBLE,21,9829.0,2574.0
1,RANK,ORDER,SCRAMBLE,22,9287.0,2612.0
1,RANK,ORDER,SCRAMBLE,23,9761.0,2593.0
1,RANK,ORDER,SCRAMBLE,24,9901.0,2613.0
1,RANK,ORDER,SCRAMBLE,25,10223.0,2610.0
1,RANK,ORDER,SCRAMBLE,26,9266.0,2551.0
1,RANK,ORDER,SCRAMBLE,27,9365.0,2622.0
1,RANK,ORDER,SCRAMBLE,28,9449.0,2562.0
1,RANK,ORDER,SCRAMBLE,29,9185.0,2583.0
1,RANK,ORDER,SCRAMBLE,30,9122.0,2531.0
1,RANK,ORDER,SCRAMBLE,31,9178.0,2636.0
1,RANK,ORDER,SCRAMBLE,32,9076.0,2577.0
1,RANK,ORDER,SCRAMBLE,33,9262.0,2565.0
1,RANK,ORDER,SCRAMBLE,34,9293.0,2629.0
1,RANK,ORDER,SCRAMBLE,35,8978.0,2624.0
1,RANK,ORDER,SCRAMBLE,36,8775.0,2689.0
1,RANK,ORDER,SCRAMBLE,37,9048.0,2581.0
1,RANK,ORDER,SCRAMBLE,38,8746.0,2608.0
1,RANK,ORDER,SCRAMBLE,39,9538.0,2688.0
1,RANK,ORDER,SCRAMBLE,40,9080.0,2652.0
1,RANK,ORDER,SCRAMBLE,41,8849.0,2666.0
1,RANK,ORDER,SCRAMBLE,42,9161.0,2613.0
1,RANK,ORDER,SCRAMBLE,43,9238.0,2619.0
1,RANK,ORDER,SCRAMBLE,44,9042.0,2625.0
1,RANK,ORDER,SCRAMBLE,45,9355.0,2593.0
1,RANK,ORDER,SCRAMBLE,46,9098.0,2621.0
1,RANK,ORDER,SCRAMBLE,47,9651.0,2606.0
1,RANK,ORDER,SCRAMBLE,48,8875.0,2641.0
1,RANK,ORDER,SCRAMBLE,49,9267.0,2575.0
1,RANK,ORDER,SCRAMBLE,50,9851.0,2584.0
1,RANK,ORDER,SCRAMBLE,51,9113.0,2629.0
1,RANK,ORDER,SCRAMBLE,52,9071.0,2562.0
1,RANK,ORDER,SCRAMBLE,53,9312.0,2592.0
1,RANK,ORDER,SCRAMBLE,54,9226.0,2568.0
1,RANK,ORDER,SCRAMBLE,55,9302.0,2570.0
1,RANK,ORDER,SCRAMBLE,56,9864.0,2567.0
1,RANK,ORDER,SCRAMBLE,57,9533.0,2598.0
1,RANK,ORDER,SCRAMBLE,58,9033.0,2598.0
1,RANK,ORDER,SCRAMBLE,59,9493.0,2595.0
1,RANK,ORDER,SCRAMBLE,60,9616.0,2579.0
1,RANK,ORDER,SCRAMBLE,61,8570.0,2585.0
1,RANK,ORDER,SCRAMBLE,62,9046.0,2571.0
1,RANK,ORDER,SCRAMBLE,63,9365.0,2574.0
1,RANK,ORDER,SCRAMBLE,64,8668.0,2543.0
1,RANK,ORDER,SCRAMBLE,65,9071.0,2561.0
1,RANK,ORDER,SCRAMBLE,66,9731.0,2603.0
1,RANK,ORDER,SCRAMBLE,67,8598.0,2570.0
1,RANK,ORDER,SCRAMBLE,68,8831.0,2562.0
1,RANK,ORDER,SCRAMBLE,69,9694.0,2554.0
1,RANK,ORDER,SCRAMBLE,70,8858.0,2595.0
1,RANK,ORDER,SCRAMBLE,71,9534.0,2530.0
1,RANK,ORDER,SCRAMBLE,72,9172.0,2592.0
1,RANK,ORDER,SCRAMBLE,73,9457.0,2570.0
1,RANK,ORDER,SCRAMBLE,74,9502.0,2593.0
1,RANK,ORDER,SCRAMBLE,75,9240.0,2570.0
1,RANK,ORDER,SCRAMBLE,76,9485.0,2546.0
1,RANK,ORDER,SCRAMBLE,77,9435.0,2606.0
1,RANK,ORDER,SCRAMBLE,78,9482.0,2586.0
1,RANK,ORDER,SCRAMBLE,79,9948.0,2548.0
1,RANK,ORDER,SCRAMBLE,80,9282.0,2514.0
1,RANK,ORDER,SCRAMBLE,81,9669.0,2552.0
1,RANK,ORDER,SCRAMBLE,82,9866.0,2546.0
1,RANK,ORDER,SCRAMBLE,83,9447.0,2570.0
1,RANK,ORDER,SCRAMBLE,84,9670.0,2510.0
1,RANK,ORDER,SCRAMBLE,85,9302.0,2582.0
1,RANK,ORDER,SCRAMBLE,86,9323.0,2573.0
1,RANK,ORDER,SCRAMBLE,87,8977.0,2585.0
1,RANK,ORDER,SCRAMBLE,88,8888.0,2573.0
1,RANK,ORDER,SCRAMBLE,89,10057.0,2569.0
1,RANK,ORDER,SCRAMBLE,90,8995.0,2589.0
1,RANK,ORDER,SCRAMBLE,91,9066.0,2573.0
1,RANK,ORDER,SCRAMBLE,92,8967.0,2566.0
1,RANK,ORDER,SCRAMBLE,93,9437.0,2576.0
1,RANK,ORDER,SCRAMBLE,94,8778.0,2586.0
1,RANK,ORDER,SCRAMBLE,95,9386.0,2572.0
1,RANK,ORDER,SCRAMBLE,96,9133.0,2559.0
1,RANK,ORDER,SCRAMBLE,97,9594.0,2521.0
1,RANK,ORDER,SCRAMBLE,98,9202.0,2532.0
1,RANK,ORDER,SCRAMBLE,99,9138.0,2554.0
2,RANK,ORDER,INVERSE,0,9883.0,2571.0
2,RANK,ORDER,INVERSE,1,9710.0,2600.0
2,RANK,ORDER,INVERSE,2,9312.0,2598.0
2,RANK,ORDER,INVERSE,3,9563.0,2565.0
2,RANK,ORDER,INVERSE,4,9956.0,2588.0
2,RANK,ORDER,INVERSE,5,9056.0,2561.0
2,RANK,ORDER,INVERSE,6,8646.0,2528.0
2,RANK,ORDER,INVERSE,7,9201.0,2533.0
2,RANK,ORDER,INVERSE,8,9347.0,2576.0
2,RANK,ORDER,INVERSE,9,8999.0,2589.0
2,RANK,ORDER,INVERSE,10,9849.0,2573.0
2,RANK,ORDER,INVERSE,11,9191.0,2586.0
2,RANK,ORDER,INVERSE,12,9250.0,2553.0
2,RANK,ORDER,INVERSE,13,8936.0,2580.0
2,RANK,ORDER,INVERSE,14,9134.0,2558.0
2,RANK,ORDER,INVERSE,15,8911.0,2539.0
2,RANK,ORDER,INVERSE,16,8888.0,2518.0
2,RANK,ORDER,INVERSE,17,9478.0,2580.0
2,RANK,ORDER,INVERSE,18,8592.0,2622.0
2,RANK,ORDER,INVERSE,19,9178.0,2517.0
2,RANK,ORDER,INVERSE,20,8997.0,2591.0
2,RANK,ORDER,INVERSE,21,9184.0,2532.0
2,RANK,ORDER,INVERSE,22,9027.0,2568.0
2,RANK,ORDER,INVERSE,23,8627.0,2607.0
2,RANK,ORDER,INVERSE,24,9080.0,2531.0
2,RANK,ORDER,INVERSE,25,9147.0,2568.0
2,RANK,ORDER,INVERSE,26,8987.0,2607.0
2,RANK,ORDER,INVERSE,27,9796.0,2560.0
2,RANK,ORDER,INVERSE,28,9032.0,2600.0
2,RANK,ORDER,INVERSE,29,9028.0,2569.0
2,RANK,ORDER,INVERSE,30,8848.0,2549.0
2,RANK,ORDER,INVERSE,31,8805.0,2596.0
2,RANK,ORDER,INVERSE,32,9356.0,2545.0
2,RANK,ORDER,INVERSE,33,9515.0,2550.0
2,RANK,ORDER,INVERSE,34,8776.0,2600.0
2,RANK,ORDER,INVERSE,35,8916.0,2608.0
2,RANK,ORDER,INVERSE,36,9225.0,2562.0
2,RANK,ORDER,INVERSE,37,8643.0,2587.0
2,RANK,ORDER,INVERSE,38,9578.0,2580.0
2,RANK,ORDER,INVERSE,39,8778.0,2560.0
2,RANK,ORDER,INVERSE,40,8638.0,2575.0
2,RANK,ORDER,INVERSE,41,8971.0,2576.0
2,RANK,ORDER,INVERSE,42,8796.0,2597.0
2,RANK,ORDER,INVERSE,43,9331.0,2573.0
2,RANK,ORDER,INVERSE,44,9101.0,2587.0
2,RANK,ORDER,INVERSE,45,9151.0,2569.0
2,RANK,ORDER,INVERSE,46,9543.0,2522.0
2,RANK,ORDER,INVERSE,47,8768.0,2585.0
2,RANK,ORDER,INVERSE,48,9012.0,2555.0
2,RANK,ORDER,INVERSE,49,9553.0,2565.0
2,RANK,ORDER,INVERSE,50,8931.0,2578.0
2,RANK,ORDER,INVERSE,51,8683.0,2558.0
2,RANK,ORDER,INVERSE,52,9013.0,2566.0
2,RANK,ORDER,INVERSE,53,8841.0,2546.0
2,RANK,ORDER,INVERSE,54,9253.0,2565.0
2,RANK,ORDER,INVERSE,55,9212.0,2596.0
2,RANK,ORDER,INVERSE,56,9006.0,2546.0
2,RANK,ORDER,INVERSE,57,9176.0,2549.0
2,RANK,ORDER,INVERSE,58,8815.0,2521.0
2,RANK,ORDER,INVERSE,59,8825.0,2534.0
2,RANK,ORDER,INVERSE,60,8976.0,2577.0
2,RANK,ORDER,INVERSE,61,9307.0,2553.0
2,RANK,ORDER,INVERSE,62,8573.0,2539.0
2,RANK,ORDER,INVERSE,63,9258.0,2573.0
2,RANK,ORDER,INVERSE,64,9147.0,2551.0
2,RANK,ORDER,INVERSE,65,9122.0,2582.0
2,RANK,ORDER,INVERSE,66,9793.0,2513.0
2,RANK,ORDER,INVERSE,67,9586.0,2552.0
2,RANK,ORDER,INVERSE,68,9132.0,2491.0
2,RANK,ORDER,INVERSE,69,9499.0,2548.0
2,RANK,ORDER,INVERSE,70,9472.0,2503.0
2,RANK,ORDER,INVERSE,71,9430.0,2549.0
2,RANK,ORDER,INVERSE,72,9440.0,2539.0
2,RANK,ORDER,INVERSE,73,9384.0,2641.0
2,RANK,ORDER,INVERSE,74,9051.0,2548.0
2,RANK,ORDER,INVERSE,75,9368.0,2516.0
2,RANK,ORDER,INVERSE,76,9026.0,2570.0
2,RANK,ORDER,INVERSE,77,8568.0,2587.0
2,RANK,ORDER,INVERSE,78,9179.0,2567.0
2,RANK,ORDER,INVERSE,79,9605.0,2491.0
2,RANK,ORDER,INVERSE,80,9256.0,2545.0
2,RANK,ORDER,INVERSE,81,9048.0,2506.0
2,RANK,ORDER,INVERSE,82,9634.0,2489.0
2,RANK,ORDER,INVERSE,83,9189.0,2536.0
2,RANK,ORDER,INVERSE,84,9365.0,2530.0
2,RANK,ORDER,INVERSE,85,8956.0,2527.0
2,RANK,ORDER,INVERSE,86,8948.0,2575.0
2,RANK,ORDER,INVERSE,87,8894.0,2599.0
2,RANK,ORDER,INVERSE,88,8621.0,2585.0
2,RANK,ORDER,INVERSE,89,9060.0,2555.0
2,RANK,ORDER,INVERSE,90,8781.0,2583.0
2,RANK,ORDER,INVERSE,91,9158.0,2584.0
2,RANK,ORDER,INVERSE,92,8682.0,2527.0
2,RANK,ORDER,INVERSE,93,9227.0,2578.0
2,RANK,ORDER,INVERSE,94,9201.0,2558.0
2,RANK,ORDER,INVERSE,95,9300.0,2571.0
2,RANK,ORDER,INVERSE,96,9371.0,2583.0
2,RANK,ORDER,INVERSE,97,8828.0,2523.0
2,RANK,ORDER,INVERSE,98,8496.0,2631.0
2,RANK,ORDER,INVERSE,99,8873.0,2575.0
3,RANK,ORDER,DISPLACEMENT,0,9181.0,2603.0
3,RANK,ORDER,DISPLACEMENT,1,9694.0,2664.0
3,RANK,ORDER,DISPLACEMENT,2,9792.0,2634.0
3,RANK,ORDER,DISPLACEMENT,3,9445.0,2632.0
3,RANK,ORDER,DISPLACEMENT,4,9982.0,2663.0
3,RANK,ORDER,DISPLACEMENT,5,9249.0,2606.0
3,RANK,ORDER,DISPLACEMENT,6,8855.0,2634.0
3,RANK,ORDER,DISPLACEMENT,7,9717.0,2628.0
3,RANK,ORDER,DISPLACEMENT,8,9079.0,2645.0
3,RANK,ORDER,DISPLACEMENT,9,9038.0,2645.0
3,RANK,ORDER,DISPLACEMENT,10,9078.0,2600.0
3,RANK,ORDER,DISPLACEMENT,11,9721.0,2539.0
3,RANK,ORDER,DISPLACEMENT,12,9314.0,2577.0
3,RANK,ORDER,DISPLACEMENT,13,9054.0,2623.0
3,RANK,ORDER,DISPLACEMENT,14,9301.0,2598.0
3,RANK,ORDER,DISPLACEMENT,15,9412.0,2568.0
3,RANK,ORDER,DISPLACEMENT,16,9126.0,2659.0
3,RANK,ORDER,DISPLACEMENT,17,8985.0,2647.0
3,RANK,ORDER,DISPLACEMENT,18,9093.0,2631.0
3,RANK,ORDER,DISPLACEMENT,19,9178.0,2586.0
3,RANK,ORDER,DISPLACEMENT,20,9078.0,2592.0
3,RANK,ORDER,DISPLACEMENT,21,8890.0,2643.0
3,RANK,ORDER,DISPLACEMENT,22,9521.0,2623.0
3,RANK,ORDER,DISPLACEMENT,23,9501.0,2601.0
3,RANK,ORDER,DISPLACEMENT,24,9389.0,2609.0
3,RANK,ORDER,DISPLACEMENT,25,9565.0,2612.0
3,RANK,ORDER,DISPLACEMENT,26,9040.0,2589.0
3,RANK,ORDER,DISPLACEMENT,27,9261.0,2619.0
3,RANK,ORDER,DISPLACEMENT,28,9335.0,2603.0
3,RANK,ORDER,DISPLACEMENT,29,9092.0,2607.0
3,RANK,ORDER,DISPLACEMENT,30,9502.0,2585.0
3,RANK,ORDER,DISPLACEMENT,31,9011.0,2597.0
3,RANK,ORDER,DISPLACEMENT,32,9374.0,2590.0
3,RANK,ORDER,DISPLACEMENT,33,8573.0,2613.0
3,RANK,ORDER,DISPLACEMENT,34,9328.0,2608.0
3,RANK,ORDER,DISPLACEMENT,35,8738.0,2630.0
3,RANK,ORDER,DISPLACEMENT,36,9144.0,2618.0
3,RANK,ORDER,DISPLACEMENT,37,9452.0,2616.0
3,RANK,ORDER,DISPLACEMENT,38,8966.0,2612.0
3,RANK,ORDER,DISPLACEMENT,39,9482.0,2588.0
3,RANK,ORDER,DISPLACEMENT,40,9233.0,2653.0
3,RANK,ORDER,DISPLACEMENT,41,9049.0,2572.0
3,RANK,ORDER,DISPLACEMENT,42,9343.0,2590.0
3,RANK,ORDER,DISPLACEMENT,43,8901.0,2605.0
3,RANK,ORDER,DISPLACEMENT,44,8890.0,2614.0
3,RANK,ORDER,DISPLACEMENT,45,9315.0,2592.0
3,RANK,ORDER,DISPLACEMENT,46,9439.0,2581.0
3,RANK,ORDER,DISPLACEMENT,47,9059.0,2592.0
3,RANK,ORDER,DISPLACEMENT,48,9594.0,2552.0
3,RANK,ORDER,DISPLACEMENT,49,9219.0,2606.0
3,RANK,ORDER,DISPLACEMENT,50,9082.0,2563.0
3,RANK,ORDER,DISPLACEMENT,51,9618.0,2565.0
3,RANK,ORDER,DISPLACEMENT,52,8922.0,2572.0
3,RANK,ORDER,DISPLACEMENT,53,8758.0,2685.0
3,RANK,ORDER,DISPLACEMENT,54,8943.0,2555.0
3,RANK,ORDER,DISPLACEMENT,55,8696.0,2554.0
3,RANK,ORDER,DISPLACEMENT,56,9461.0,2559.0
3,RANK,ORDER,DISPLACEMENT,57,8771.0,2577.0
3,RANK,ORDER,DISPLACEMENT,58,8651.0,2614.0
3,RANK,ORDER,DISPLACEMENT,59,8707.0,2586.0
3,RANK,ORDER,DISPLACEMENT,60,8821.0,2602.0
3,RANK,ORDER,DISPLACEMENT,61,8827.0,2613.0
3,RANK,ORDER,DISPLACEMENT,62,8670.0,2579.0
3,RANK,ORDER,DISPLACEMENT,63,8811.0,2586.0
3,RANK,ORDER,DISPLACEMENT,64,8672.0,2609.0
3,RANK,ORDER,DISPLACEMENT,65,9499.0,2573.0
3,RANK,ORDER,DISPLACEMENT,66,9365.0,2614.0
3,RANK,ORDER,DISPLACEMENT,67,8950.0,2570.0
3,RANK,ORDER,DISPLACEMENT,68,8622.0,2584.0
3,RANK,ORDER,DISPLACEMENT,69,8957.0,2580.0
3,RANK,ORDER,DISPLACEMENT,70,9191.0,2595.0
3,RANK,ORDER,DISPLACEMENT,71,9169.0,2574.0
3,RANK,ORDER,DISPLACEMENT,72,8639.0,2555.0
3,RANK,ORDER,DISPLACEMENT,73,8852.0,2583.0
3,RANK,ORDER,DISPLACEMENT,74,9161.0,2605.0
3,RANK,ORDER,DISPLACEMENT,75,8739.0,2580.0
3,RANK,ORDER,DISPLACEMENT,76,8932.0,2586.0
3,RANK,ORDER,DISPLACEMENT,77,9228.0,2544.0
3,RANK,ORDER,DISPLACEMENT,78,8707.0,2607.0
3,RANK,ORDER,DISPLACEMENT,79,8446.0,2573.0
3,RANK,ORDER,DISPLACEMENT,80,8865.0,2613.0
3,RANK,ORDER,DISPLACEMENT,81,9276.0,2574.0
3,RANK,ORDER,DISPLACEMENT,82,9253.0,2555.0
3,RANK,ORDER,DISPLACEMENT,83,9611.0,2555.0
3,RANK,ORDER,DISPLACEMENT,84,9488.0,2578.0
3,RANK,ORDER,DISPLACEMENT,85,9237.0,2592.0
3,RANK,ORDER,DISPLACEMENT,86,9230.0,2631.0
3,RANK,ORDER,DISPLACEMENT,87,9083.0,2590.0
3,RANK,ORDER,DISPLACEMENT,88,9665.0,2589.0
3,RANK,ORDER,DISPLACEMENT,89,9456.0,2567.0
3,RANK,ORDER,DISPLACEMENT,90,9317.0,2548.0
3,RANK,ORDER,DISPLACEMENT,91,9470.0,2606.0
3,RANK,ORDER,DISPLACEMENT,92,8817.0,2547.0
3,RANK,ORDER,DISPLACEMENT,93,9190.0,2670.0
3,RANK,ORDER,DISPLACEMENT,94,9019.0,2583.0
3,RANK,ORDER,DISPLACEMENT,95,8903.0,2543.0
3,RANK,ORDER,DISPLACEMENT,96,9122.0,2574.0
3,RANK,ORDER,DISPLACEMENT,97,8983.0,2592.0
3,RANK,ORDER,DISPLACEMENT,98,8539.0,2538.0
3,RANK,ORDER,DISPLACEMENT,99,8810.0,2551.0
4,RANK,POSITION_BASED,SCRAMBLE,0,9557.0,2613.0
4,RANK,POSITION_BASED,SCRAMBLE,1,10313.0,2653.0
4,RANK,POSITION_BASED,SCRAMBLE,2,9617.0,2617.0
4,RANK,POSITION_BASED,SCRAMBLE,3,9606.0,2620.0
4,RANK,POSITION_BASED,SCRAMBLE,4,9168.0,2639.0
4,RANK,POSITION_BASED,SCRAMBLE,5,9300.0,2596.0
4,RANK,POSITION_BASED,SCRAMBLE,6,9579.0,2658.0
4,RANK,POSITION_BASED,SCRAMBLE,7,8728.0,2670.0
4,RANK,POSITION_BASED,SCRAMBLE,8,8944.0,2662.0
4,RANK,POSITION_BASED,SCRAMBLE,9,9214.0,2639.0
4,RANK,POSITION_BASED,SCRAMBLE,10,9241.0,2649.0
4,RANK,POSITION_BASED,SCRAMBLE,11,9355.0,2634.0
4,RANK,POSITION_BASED,SCRAMBLE,12,9353.0,2628.0
4,RANK,POSITION_BASED,SCRAMBLE,13,9239.0,2606.0
4,RANK,POSITION_BASED,SCRAMBLE,14,9163.0,2635.0
4,RANK,POSITION_BASED,SCRAMBLE,15,9487.0,2643.0
4,RANK,POSITION_BASED,SCRAMBLE,16,9074.0,2631.0
4,RANK,POSITION_BASED,SCRAMBLE,17,9396.0,2649.0
4,RANK,POSITION_BASED,SCRAMBLE,18,9299.0,2661.0
4,RANK,POSITION_BASED,SCRAMBLE,19,9076.0,2626.0
4,RANK,POSITION_BASED,SCRAMBLE,20,8796.0,2628.0
4,RANK,POSITION_BASED,SCRAMBLE,21,9681.0,2636.0
4,RANK,POSITION_BASED,SCRAMBLE,22,8918.0,2607.0
4,RANK,POSITION_BASED,SCRAMBLE,23,8913.0,2638.0
4,RANK,POSITION_BASED,SCRAMBLE,24,10036.0,2582.0
4,RANK,POSITION_BASED,SCRAMBLE,25,9228.0,2611.0
4,RANK,POSITION_BASED,SCRAMBLE,26,9285.0,2581.0
4,RANK,POSITION_BASED,SCRAMBLE,27,9242.0,2600.0
4,RANK,POSITION_BASED,SCRAMBLE,28,9460.0,2590.0
4,RANK,POSITION_BASED,SCRAMBLE,29,9493.0,2578.0
4,RANK,POSITION_BASED,SCRAMBLE,30,9243.0,2653.0
4,RANK,POSITION_BASED,SCRAMBLE,31,9202.0,2546.0
4,RANK,POSITION_BASED,SCRAMBLE,32,9557.0,2606.0
4,RANK,POSITION_BASED,SCRAMBLE,33,9388.0,2581.0
4,RANK,POSITION_BASED,SCRAMBLE,34,9205.0,2581.0
4,RANK,POSITION_BASED,SCRAMBLE,35,8969.0,2636.0
4,RANK,POSITION_BASED,SCRAMBLE,36,9347.0,2588.0
4,RANK,POSITION_BASED,SCRAMBLE,37,9028.0,2634.0
4,RANK,POSITION_BASED,SCRAMBLE,38,9059.0,2669.0
4,RANK,POSITION_BASED,SCRAMBLE,39,10609.0,2619.0
4,RANK,POSITION_BASED,SCRAMBLE,40,9654.0,2572.0
4,RANK,POSITION_BASED,SCRAMBLE,41,9377.0,2583.0
4,RANK,POSITION_BASED,SCRAMBLE,42,9409.0,2633.0
4,RANK,POSITION_BASED,SCRAMBLE,43,9451.0,2548.0
4,RANK,POSITION_BASED,SCRAMBLE,44,8920.0,2570.0
4,RANK,POSITION_BASED,SCRAMBLE,45,10068.0,2543.0
4,RANK,POSITION_BASED,SCRAMBLE,46,9412.0,2645.0
4,RANK,POSITION_BASED,SCRAMBLE,47,9490.0,2598.0
4,RANK,POSITION_BASED,SCRAMBLE,48,9592.0,2569.0
4,RANK,POSITION_BASED,SCRAMBLE,49,9347.0,2587.0
4,RANK,POSITION_BASED,SCRAMBLE,50,9151.0,2605.0
4,RANK,POSITION_BASED,SCRAMBLE,51,9513.0,2500.0
4,RANK,POSITION_BASED,SCRAMBLE,52,9671.0,2522.0
4,RANK,POSITION_BASED,SCRAMBLE,53,9480.0,2595.0
4,RANK,POSITION_BASED,SCRAMBLE,54,9203.0,2618.0
4,RANK,POSITION_BASED,SCRAMBLE,55,9681.0,2582.0
4,RANK,POSITION_BASED,SCRAMBLE,56,9272.0,2645.0
4,RANK,POSITION_BASED,SCRAMBLE,57,9652.0,2611.0
4,RANK,POSITION_BASED,SCRAMBLE,58,9509.0,2620.0
4,RANK,POSITION_BASED,SCRAMBLE,59,9778.0,2605.0
4,RANK,POSITION_BASED,SCRAMBLE,60,9410.0,2585.0
4,RANK,POSITION_BASED,SCRAMBLE,61,9603.0,2624.0
4,RANK,POSITION_BASED,SCRAMBLE,62,9246.0,2601.0
4,RANK,POSITION_BASED,SCRAMBLE,63,9398.0,2620.0
4,RANK,POSITION_BASED,SCRAMBLE,64,9767.0,2548.0
4,RANK,POSITION_BASED,SCRAMBLE,65,9501.0,2605.0
4,RANK,POSITION_BASED,SCRAMBLE,66,9078.0,2624.0
4,RANK,POSITION_BASED,SCRAMBLE,67,9393.0,2566.0
4,RANK,POSITION_BASED,SCRAMBLE,68,9185.0,2583.0
4,RANK,POSITION_BASED,SCRAMBLE,69,9241.0,2606.0
4,RANK,POSITION_BASED,SCRAMBLE,70,9620.0,2598.0
4,RANK,POSITION_BASED,SCRAMBLE,71,9475.0,2588.0
4,RANK,POSITION_BASED,SCRAMBLE,72,9452.0,2606.0
4,RANK,POSITION_BASED,SCRAMBLE,73,9706.0,2559.0
4,RANK,POSITION_BASED,SCRAMBLE,74,9812.0,2602.0
4,RANK,POSITION_BASED,SCRAMBLE,75,9313.0,2611.0
4,RANK,POSITION_BASED,SCRAMBLE,76,9774.0,2573.0
4,RANK,POSITION_BASED,SCRAMBLE,77,10208.0,2541.0
4,RANK,POSITION_BASED,SCRAMBLE,78,9383.0,2579.0
4,RANK,POSITION_BASED,SCRAMBLE,79,9208.0,2625.0
4,RANK,POSITION_BASED,SCRAMBLE,80,9610.0,2592.0
4,RANK,POSITION_BASED,SCRAMBLE,81,9645.0,2545.0
4,RANK,POSITION_BASED,SCRAMBLE,82,9588.0,2603.0
4,RANK,POSITION_BASED,SCRAMBLE,83,9120.0,2599.0
4,RANK,POSITION_BASED,SCRAMBLE,84,9611.0,2631.0
4,RANK,POSITION_BASED,SCRAMBLE,85,9390.0,2640.0
4,RANK,POSITION_BASED,SCRAMBLE,86,9043.0,2607.0
4,RANK,POSITION_BASED,SCRAMBLE,87,9369.0,2630.0
4,RANK,POSITION_BASED,SCRAMBLE,88,9536.0,2584.0
4,RANK,POSITION_BASED,SCRAMBLE,89,9441.0,2615.0
4,RANK,POSITION_BASED,SCRAMBLE,90,8553.0,2567.0
4,RANK,POSITION_BASED,SCRAMBLE,91,9914.0,2586.0
4,RANK,POSITION_BASED,SCRAMBLE,92,9288.0,2548.0
4,RANK,POSITION_BASED,SCRAMBLE,93,9239.0,2566.0
4,RANK,POSITION_BASED,SCRAMBLE,94,9006.0,2610.0
4,RANK,POSITION_BASED,SCRAMBLE,95,9787.0,2592.0
4,RANK,POSITION_BASED,SCRAMBLE,96,9589.0,2597.0
4,RANK,POSITION_BASED,SCRAMBLE,97,9789.0,2586.0
4,RANK,POSITION_BASED,SCRAMBLE,98,9214.0,2617.0
4,RANK,POSITION_BASED,SCRAMBLE,99,9269.0,2594.0
5,RANK,POSITION_BASED,INVERSE,0,9937.0,2660.0
5,RANK,POSITION_BASED,INVERSE,1,9992.0,2615.0
5,RANK,POSITION_BASED,INVERSE,2,9370.0,2603.0
5,RANK,POSITION_BASED,INVERSE,3,10546.0,2651.0
5,RANK,POSITION_BASED,INVERSE,4,9204.0,2654.0
5,RANK,POSITION_BASED,INVERSE,5,9541.0,2626.0
5,RANK,POSITION_BASED,INVERSE,6,9842.0,2590.0
5,RANK,POSITION_BASED,INVERSE,7,8928.0,2693.0
5,RANK,POSITION_BASED,INVERSE,8,9334.0,2654.0
5,RANK,POSITION_BASED,INVERSE,9,9523.0,2613.0
5,RANK,POSITION_BASED,INVERSE,10,9749.0,2622.0
5,RANK,POSITION_BASED,INVERSE,11,9063.0,2622.0
5,RANK,POSITION_BASED,INVERSE,12,9300.0,2603.0
5,RANK,POSITION_BASED,INVERSE,13,9554.0,2576.0
5,RANK,POSITION_BASED,INVERSE,14,9553.0,2636.0
5,RANK,POSITION_BASED,INVERSE,15,9149.0,2626.0
5,RANK,POSITION_BASED,INVERSE,16,9378.0,2675.0
5,RANK,POSITION_BASED,INVERSE,17,9151.0,2695.0
5,RANK,POSITION_BASED,INVERSE,18,10136.0,2583.0
5,RANK,POSITION_BASED,INVERSE,19,9451.0,2600.0
5,RANK,POSITION_BASED,INVERSE,20,9544.0,2600.0
5,RANK,POSITION_BASED,INVERSE,21,9452.0,2617.0
5,RANK,POSITION_BASED,INVERSE,22,9368.0,2606.0
5,RANK,POSITION_BASED,INVERSE,23,9881.0,2608.0
5,RANK,POSITION_BASED,INVERSE,24,9760.0,2576.0
5,RANK,POSITION_BASED,INVERSE,25,9349.0,2634.0
5,RANK,POSITION_BASED,INVERSE,26,9564.0,2653.0
5,RANK,POSITION_BASED,INVERSE,27,9531.0,2644.0
5,RANK,POSITION_BASED,INVERSE,28,9259.0,2611.0
5,RANK,POSITION_BASED,INVERSE,29,9073.0,2596.0
5,RANK,POSITION_BASED,INVERSE,30,10581.0,2635.0
5,RANK,POSITION_BASED,INVERSE,31,9830.0,2597.0
5,RANK,POSITION_BASED,INVERSE,32,9221.0,2624.0
5,RANK,POSITION_BASED,INVERSE,33,9227.0,2599.0
5,RANK,POSITION_BASED,INVERSE,34,9019.0,2566.0
5,RANK,POSITION_BASED,INVERSE,35,8724.0,2599.0
5,RANK,POSITION_BASED,INVERSE,36,9313.0,2586.0
5,RANK,POSITION_BASED,INVERSE,37,9275.0,2589.0
5,RANK,POSITION_BASED,INVERSE,38,9044.0,2662.0
5,RANK,POSITION_BASED,INVERSE,39,8825.0,2596.0
5,RANK,POSITION_BASED,INVERSE,40,9450.0,2578.0
5,RANK,POSITION_BASED,INVERSE,41,8829.0,2628.0
5,RANK,POSITION_BASED,INVERSE,42,9186.0,2596.0
5,RANK,POSITION_BASED,INVERSE,43,9263.0,2588.0
5,RANK,POSITION_BASED,INVERSE,44,8885.0,2629.0
5,RANK,POSITION_BASED,INVERSE,45,9138.0,2619.0
5,RANK,POSITION_BASED,INVERSE,46,9324.0,2620.0
5,RANK,POSITION_BASED,INVERSE,47,9117.0,2653.0
5,RANK,POSITION_BASED,INVERSE,48,9362.0,2591.0
5,RANK,POSITION_BASED,INVERSE,49,9916.0,2579.0
5,RANK,POSITION_BASED,INVERSE,50,9121.0,2596.0
5,RANK,POSITION_BASED,INVERSE,51,10169.0,2595.0
5,RANK,POSITION_BASED,INVERSE,52,9682.0,2567.0
5,RANK,POSITION_BASED,INVERSE,53,9496.0,2631.0
5,RANK,POSITION_BASED,INVERSE,54,9670.0,2596.0
5,RANK,POSITION_BASED,INVERSE,55,9450.0,2566.0
5,RANK,POSITION_BASED,INVERSE,56,9123.0,2579.0
5,RANK,POSITION_BASED,INVERSE,57,9654.0,2614.0
5,RANK,POSITION_BASED,INVERSE,58,9634.0,2568.0
5,RANK,POSITION_BASED,INVERSE,59,9178.0,2617.0
5,RANK,POSITION_BASED,INVERSE,60,9941.0,2611.0
5,RANK,POSITION_BASED,INVERSE,61,9344.0,2613.0
5,RANK,POSITION_BASED,INVERSE,62,9858.0,2578.0
5,RANK,POSITION_BASED,INVERSE,63,9351.0,2604.0
5,RANK,POSITION_BASED,INVERSE,64,9608.0,2605.0
5,RANK,POSITION_BASED,INVERSE,65,8957.0,2594.0
5,RANK,POSITION_BASED,INVERSE,66,9205.0,2624.0
5,RANK,POSITION_BASED,INVERSE,67,9393.0,2576.0
5,RANK,POSITION_BASED,INVERSE,68,8970.0,2639.0
5,RANK,POSITION_BASED,INVERSE,69,9151.0,2557.0
5,RANK,POSITION_BASED,INVERSE,70,9294.0,2551.0
5,RANK,POSITION_BASED,INVERSE,71,8961.0,2583.0
5,RANK,POSITION_BASED,INVERSE,72,9987.0,2592.0
5,RANK,POSITION_BASED,INVERSE,73,9228.0,2566.0
5,RANK,POSITION_BASED,INVERSE,74,9259.0,2555.0
5,RANK,POSITION_BASED,INVERSE,75,9194.0,2559.0
5,RANK,POSITION_BASED,INVERSE,76,9546.0,2556.0
5,RANK,POSITION_BASED,INVERSE,77,10311.0,2571.0
5,RANK,POSITION_BASED,INVERSE,78,9214.0,2570.0
5,RANK,POSITION_BASED,INVERSE,79,9234.0,2641.0
5,RANK,POSITION_BASED,INVERSE,80,9075.0,2518.0
5,RANK,POSITION_BASED,INVERSE,81,8432.0,2519.0
5,RANK,POSITION_BASED,INVERSE,82,9361.0,2526.0
5,RANK,POSITION_BASED,INVERSE,83,8861.0,2547.0
5,RANK,POSITION_BASED,INVERSE,84,8490.0,2617.0
5,RANK,POSITION_BASED,INVERSE,85,9530.0,2616.0
5,RANK,POSITION_BASED,INVERSE,86,9243.0,2580.0
5,RANK,POSITION_BASED,INVERSE,87,9438.0,2553.0
5,RANK,POSITION_BASED,INVERSE,88,9485.0,2604.0
5,RANK,POSITION_BASED,INVERSE,89,8945.0,2608.0
5,RANK,POSITION_BASED,INVERSE,90,9004.0,2597.0
5,RANK,POSITION_BASED,INVERSE,91,9229.0,2600.0
5,RANK,POSITION_BASED,INVERSE,92,9008.0,2559.0
5,RANK,POSITION_BASED,INVERSE,93,9574.0,2593.0
5,RANK,POSITION_BASED,INVERSE,94,9592.0,2593.0
5,RANK,POSITION_BASED,INVERSE,95,9724.0,2555.0
5,RANK,POSITION_BASED,INVERSE,96,9603.0,2627.0
5,RANK,POSITION_BASED,INVERSE,97,9524.0,2611.0
5,RANK,POSITION_BASED,INVERSE,98,9725.0,2586.0
5,RANK,POSITION_BASED,INVERSE,99,9775.0,2566.0
6,RANK,POSITION_BASED,DISPLACEMENT,0,9714.0,2608.0
6,RANK,POSITION_BASED,DISPLACEMENT,1,9616.0,2648.0
6,RANK,POSITION_BASED,DISPLACEMENT,2,8966.0,2634.0
6,RANK,POSITION_BASED,DISPLACEMENT,3,9190.0,2629.0
6,RANK,POSITION_BASED,DISPLACEMENT,4,9823.0,2653.0
6,RANK,POSITION_BASED,DISPLACEMENT,5,8939.0,2651.0
6,RANK,POSITION_BASED,DISPLACEMENT,6,9214.0,2621.0
6,RANK,POSITION_BASED,DISPLACEMENT,7,9429.0,2626.0
6,RANK,POSITION_BASED,DISPLACEMENT,8,9133.0,2619.0
6,RANK,POSITION_BASED,DISPLACEMENT,9,9330.0,2598.0
6,RANK,POSITION_BASED,DISPLACEMENT,10,9291.0,2634.0
6,RANK,POSITION_BASED,DISPLACEMENT,11,9269.0,2619.0
6,RANK,POSITION_BASED,DISPLACEMENT,12,9272.0,2630.0
6,RANK,POSITION_BASED,DISPLACEMENT,13,9466.0,2643.0
6,RANK,POSITION_BASED,DISPLACEMENT,14,9140.0,2671.0
6,RANK,POSITION_BASED,DISPLACEMENT,15,9618.0,2622.0
6,RANK,POSITION_BASED,DISPLACEMENT,16,9844.0,2649.0
6,RANK,POSITION_BASED,DISPLACEMENT,17,9676.0,2621.0
6,RANK,POSITION_BASED,DISPLACEMENT,18,9445.0,2590.0
6,RANK,POSITION_BASED,DISPLACEMENT,19,9342.0,2593.0
6,RANK,POSITION_BASED,DISPLACEMENT,20,9712.0,2589.0
6,RANK,POSITION_BASED,DISPLACEMENT,21,9210.0,2640.0
6,RANK,POSITION_BASED,DISPLACEMENT,22,9547.0,2595.0
6,RANK,POSITION_BASED,DISPLACEMENT,23,9525.0,2576.0
6,RANK,POSITION_BASED,DISPLACEMENT,24,9146.0,2599.0
6,RANK,POSITION_BASED,DISPLACEMENT,25,8902.0,2627.0
6,RANK,POSITION_BASED,DISPLACEMENT,26,9235.0,2561.0
6,RANK,POSITION_BASED,DISPLACEMENT,27,9049.0,2657.0
6,RANK,POSITION_BASED,DISPLACEMENT,28,9146.0,2599.0
6,RANK,POSITION_BASED,DISPLACEMENT,29,9595.0,2637.0
6,RANK,POSITION_BASED,DISPLACEMENT,30,9562.0,2623.0
6,RANK,POSITION_BASED,DISPLACEMENT,31,9378.0,2649.0
6,RANK,POSITION_BASED,DISPLACEMENT,32,9657.0,2599.0
6,RANK,POSITION_BASED,DISPLACEMENT,33,9917.0,2610.0
6,RANK,POSITION_BASED,DISPLACEMENT,34,9158.0,2672.0
6,RANK,POSITION_BASED,DISPLACEMENT,35,9591.0,2579.0
6,RANK,POSITION_BASED,DISPLACEMENT,36,9421.0,2591.0
6,RANK,POSITION_BASED,DISPLACEMENT,37,8896.0,2664.0
6,RANK,POSITION_BASED,DISPLACEMENT,38,9616.0,2615.0
6,RANK,POSITION_BASED,DISPLACEMENT,39,9242.0,2584.0
6,RANK,POSITION_BASED,DISPLACEMENT,40,9418.0,2584.0
6,RANK,POSITION_BASED,DISPLACEMENT,41,9068.0,2577.0
6,RANK,POSITION_BASED,DISPLACEMENT,42,8915.0,2714.0
6,RANK,POSITION_BASED,DISPLACEMENT,43,9280.0,2673.0
6,RANK,POSITION_BASED,DISPLACEMENT,44,9480.0,2628.0
6,RANK,POSITION_BASED,DISPLACEMENT,45,9086.0,2624.0
6,RANK,POSITION_BASED,DISPLACEMENT,46,9325.0,2599.0
6,RANK,POSITION_BASED,DISPLACEMENT,47,9148.0,2611.0
6,RANK,POSITION_BASED,DISPLACEMENT,48,9168.0,2648.0
6,RANK,POSITION_BASED,DISPLACEMENT,49,9533.0,2624.0
6,RANK,POSITION_BASED,DISPLACEMENT,50,9287.0,2538.0
6,RANK,POSITION_BASED,DISPLACEMENT,51,9373.0,2620.0
6,RANK,POSITION_BASED,DISPLACEMENT,52,9910.0,2596.0
6,RANK,POSITION_BASED,DISPLACEMENT,53,9525.0,2598.0
6,RANK,POSITION_BASED,DISPLACEMENT,54,9566.0,2615.0
6,RANK,POSITION_BASED,DISPLACEMENT,55,9510.0,2636.0
6,RANK,POSITION_BASED,DISPLACEMENT,56,9640.0,2583.0
6,RANK,POSITION_BASED,DISPLACEMENT,57,8970.0,2612.0
6,RANK,POSITION_BASED,DISPLACEMENT,58,9349.0,2599.0
6,RANK,POSITION_BASED,DISPLACEMENT,59,9715.0,2561.0
6,RANK,POSITION_BASED,DISPLACEMENT,60,9722.0,2530.0
6,RANK,POSITION_BASED,DISPLACEMENT,61,9271.0,2614.0
6,RANK,POSITION_BASED,DISPLACEMENT,62,9537.0,2624.0
6,RANK,POSITION_BASED,DISPLACEMENT,63,8993.0,2629.0
6,RANK,POSITION_BASED,DISPLACEMENT,64,9439.0,2576.0
6,RANK,POSITION_BASED,DISPLACEMENT,65,10131.0,2602.0
6,RANK,POSITION_BASED,DISPLACEMENT,66,9907.0,2573.0
6,RANK,POSITION_BASED,DISPLACEMENT,67,9674.0,2597.0
6,RANK,POSITION_BASED,DISPLACEMENT,68,9988.0,2617.0
6,RANK,POSITION_BASED,DISPLACEMENT,69,9724.0,2625.0
6,RANK,POSITION_BASED,DISPLACEMENT,70,9963.0,2573.0
6,RANK,POSITION_BASED,DISPLACEMENT,71,9948.0,2560.0
6,RANK,POSITION_BASED,DISPLACEMENT,72,9614.0,2578.0
6,RANK,POSITION_BASED,DISPLACEMENT,73,9396.0,2604.0
6,RANK,POSITION_BASED,DISPLACEMENT,74,9290.0,2591.0
6,RANK,POSITION_BASED,DISPLACEMENT,75,9212.0,2606.0
6,RANK,POSITION_BASED,DISPLACEMENT,76,9634.0,2606.0
6,RANK,POSITION_BASED,DISPLACEMENT,77,9576.0,2615.0
6,RANK,POSITION_BASED,DISPLACEMENT,78,9563.0,2572.0
6,RANK,POSITION_BASED,DISPLACEMENT,79,9109.0,2588.0
6,RANK,POSITION_BASED,DISPLACEMENT,80,9083.0,2649.0
6,RANK,POSITION_BASED,DISPLACEMENT,81,9971.0,2626.0
6,RANK,POSITION_BASED,DISPLACEMENT,82,9501.0,2606.0
6,RANK,POSITION_BASED,DISPLACEMENT,83,9369.0,2591.0
6,RANK,POSITION_BASED,DISPLACEMENT,84,9677.0,2610.0
6,RANK,POSITION_BASED,DISPLACEMENT,85,9263.0,2626.0
6,RANK,POSITION_BASED,DISPLACEMENT,86,9262.0,2573.0
6,RANK,POSITION_BASED,DISPLACEMENT,87,9400.0,2622.0
6,RANK,POSITION_BASED,DISPLACEMENT,88,8831.0,2655.0
6,RANK,POSITION_BASED,DISPLACEMENT,89,9811.0,2620.0
6,RANK,POSITION_BASED,DISPLACEMENT,90,8861.0,2626.0
6,RANK,POSITION_BASED,DISPLACEMENT,91,9229.0,2615.0
6,RANK,POSITION_BASED,DISPLACEMENT,92,8591.0,2632.0
6,RANK,POSITION_BASED,DISPLACEMENT,93,8914.0,2620.0
6,RANK,POSITION_BASED,DISPLACEMENT,94,9650.0,2633.0
6,RANK,POSITION_BASED,DISPLACEMENT,95,9788.0,2610.0
6,RANK,POSITION_BASED,DISPLACEMENT,96,8801.0,2626.0
6,RANK,POSITION_BASED,DISPLACEMENT,97,9252.0,2611.0
6,RANK,POSITION_BASED,DISPLACEMENT,98,9198.0,2613.0
6,RANK,POSITION_BASED,DISPLACEMENT,99,8697.0,2586.0
7,RANK,CYCLE,SCRAMBLE,0,9701.0,2586.0
7,RANK,CYCLE,SCRAMBLE,1,9467.0,2658.0
7,RANK,CYCLE,SCRAMBLE,2,9502.0,2615.0
7,RANK,CYCLE,SCRAMBLE,3,9536.0,2697.0
7,RANK,CYCLE,SCRAMBLE,4,9436.0,2617.0
7,RANK,CYCLE,SCRAMBLE,5,9457.0,2641.0
7,RANK,CYCLE,SCRAMBLE,6,9862.0,2603.0
7,RANK,CYCLE,SCRAMBLE,7,9393.0,2631.0
7,RANK,CYCLE,SCRAMBLE,8,9192.0,2639.0
7,RANK,CYCLE,SCRAMBLE,9,9004.0,2638.0
7,RANK,CYCLE,SCRAMBLE,10,9581.0,2592.0
7,RANK,CYCLE,SCRAMBLE,11,9512.0,2590.0
7,RANK,CYCLE,SCRAMBLE,12,9131.0,2640.0
7,RANK,CYCLE,SCRAMBLE,13,9434.0,2592.0
7,RANK,CYCLE,SCRAMBLE,14,9284.0,2665.0
7,RANK,CYCLE,SCRAMBLE,15,9282.0,2637.0
7,RANK,CYCLE,SCRAMBLE,16,9261.0,2662.0
7,RANK,CYCLE,SCRAMBLE,17,9260.0,2656.0
7,RANK,CYCLE,SCRAMBLE,18,9119.0,2627.0
7,RANK,CYCLE,SCRAMBLE,19,8945.0,2633.0
7,RANK,CYCLE,SCRAMBLE,20,9953.0,2628.0
7,RANK,CYCLE,SCRAMBLE,21,8671.0,2609.0
7,RANK,CYCLE,SCRAMBLE,22,9310.0,2605.0
7,RANK,CYCLE,SCRAMBLE,23,8786.0,2634.0
7,RANK,CYCLE,SCRAMBLE,24,9463.0,2559.0
7,RANK,CYCLE,SCRAMBLE,25,9207.0,2559.0
7,RANK,CYCLE,SCRAMBLE,26,9263.0,2577.0
7,RANK,CYCLE,SCRAMBLE,27,9529.0,2552.0
7,RANK,CYCLE,SCRAMBLE,28,9466.0,2615.0
7,RANK,CYCLE,SCRAMBLE,29,9450.0,2558.0
7,RANK,CYCLE,SCRAMBLE,30,9157.0,2591.0
7,RANK,CYCLE,SCRAMBLE,31,9346.0,2568.0
7,RANK,CYCLE,SCRAMBLE,32,9569.0,2563.0
7,RANK,CYCLE,SCRAMBLE,33,9737.0,2584.0
7,RANK,CYCLE,SCRAMBLE,34,9504.0,2546.0
7,RANK,CYCLE,SCRAMBLE,35,9162.0,2595.0
7,RANK,CYCLE,SCRAMBLE,36,9058.0,2593.0
7,RANK,CYCLE,SCRAMBLE,37,9240.0,2594.0
7,RANK,CYCLE,SCRAMBLE,38,9636.0,2547.0
7,RANK,CYCLE,SCRAMBLE,39,9491.0,2587.0
7,RANK,CYCLE,SCRAMBLE,40,9213.0,2605.0
7,RANK,CYCLE,SCRAMBLE,41,9543.0,2567.0
7,RANK,CYCLE,SCRAMBLE,42,9456.0,2618.0
7,RANK,CYCLE,SCRAMBLE,43,9448.0,2590.0
7,RANK,CYCLE,SCRAMBLE,44,9297.0,2626.0
7,RANK,CYCLE,SCRAMBLE,45,9526.0,2563.0
7,RANK,CYCLE,SCRAMBLE,46,9653.0,2599.0
7,RANK,CYCLE,SCRAMBLE,47,9534.0,2602.0
7,RANK,CYCLE,SCRAMBLE,48,8869.0,2588.0
7,RANK,CYCLE,SCRAMBLE,49,9134.0,2612.0
7,RANK,CYCLE,SCRAMBLE,50,8775.0,2573.0
7,RANK,CYCLE,SCRAMBLE,51,9133.0,2584.0
7,RANK,CYCLE,SCRAMBLE,52,8786.0,2604.0
7,RANK,CYCLE,SCRAMBLE,53,9238.0,2596.0
7,RANK,CYCLE,SCRAMBLE,54,9214.0,2570.0
7,RANK,CYCLE,SCRAMBLE,55,8933.0,2541.0
7,RANK,CYCLE,SCRAMBLE,56,9156.0,2559.0
7,RANK,CYCLE,SCRAMBLE,57,8993.0,2564.0
7,RANK,CYCLE,SCRAMBLE,58,9302.0,2585.0
7,RANK,CYCLE,SCRAMBLE,59,9018.0,2616.0
7,RANK,CYCLE,SCRAMBLE,60,9615.0,2588.0
7,RANK,CYCLE,SCRAMBLE,61,8611.0,2636.0
7,RANK,CYCLE,SCRAMBLE,62,9053.0,2608.0
7,RANK,CYCLE,SCRAMBLE,63,9049.0,2595.0
7,RANK,CYCLE,SCRAMBLE,64,9454.0,2560.0
7,RANK,CYCLE,SCRAMBLE,65,8910.0,2606.0
7,RANK,CYCLE,SCRAMBLE,66,9318.0,2553.0
7,RANK,CYCLE,SCRAMBLE,67,8966.0,2622.0
7,RANK,CYCLE,SCRAMBLE,68,9278.0,2594.0
7,RANK,CYCLE,SCRAMBLE,69,9320.0,2605.0
7,RANK,CYCLE,SCRAMBLE,70,9066.0,2628.0
7,RANK,CYCLE,SCRAMBLE,71,9379.0,2595.0
7,RANK,CYCLE,SCRAMBLE,72,9033.0,2648.0
7,RANK,CYCLE,SCRAMBLE,73,9449.0,2608.0
7,RANK,CYCLE,SCRAMBLE,74,9433.0,2593.0
7,RANK,CYCLE,SCRAMBLE,75,9163.0,2647.0
7,RANK,CYCLE,SCRAMBLE,76,9321.0,2554.0
7,RANK,CYCLE,SCRAMBLE,77,9491.0,2609.0
7,RANK,CYCLE,SCRAMBLE,78,9056.0,2605.0
7,RANK,CYCLE,SCRAMBLE,79,9634.0,2567.0
7,RANK,CYCLE,SCRAMBLE,80,9665.0,2576.0
7,RANK,CYCLE,SCRAMBLE,81,9141.0,2607.0
7,RANK,CYCLE,SCRAMBLE,82,9595.0,2589.0
7,RANK,CYCLE,SCRAMBLE,83,9513.0,2593.0
7,RANK,CYCLE,SCRAMBLE,84,9274.0,2562.0
7,RANK,CYCLE,SCRAMBLE,85,9127.0,2627.0
7,RANK,CYCLE,SCRAMBLE,86,9519.0,2565.0
7,RANK,CYCLE,SCRAMBLE,87,9042.0,2617.0
7,RANK,CYCLE,SCRAMBLE,88,9148.0,2534.0
7,RANK,CYCLE,SCRAMBLE,89,8591.0,2569.0
7,RANK,CYCLE,SCRAMBLE,90,9327.0,2559.0
7,RANK,CYCLE,SCRAMBLE,91,8855.0,2541.0
7,RANK,CYCLE,SCRAMBLE,92,9540.0,2571.0
7,RANK,CYCLE,SCRAMBLE,93,8905.0,2586.0
7,RANK,CYCLE,SCRAMBLE,94,9711.0,2580.0
7,RANK,CYCLE,SCRAMBLE,95,9718.0,2567.0
7,RANK,CYCLE,SCRAMBLE,96,9027.0,2614.0
7,RANK,CYCLE,SCRAMBLE,97,9568.0,2630.0
7,RANK,CYCLE,SCRAMBLE,98,9353.0,2597.0
7,RANK,CYCLE,SCRAMBLE,99,9688.0,2576.0
8,RANK,CYCLE,INVERSE,0,9849.0,2680.0
8,RANK,CYCLE,INVERSE,1,9054.0,2655.0
8,RANK,CYCLE,INVERSE,2,9371.0,2681.0
8,RANK,CYCLE,INVERSE,3,9391.0,2646.0
8,RANK,CYCLE,INVERSE,4,9113.0,2656.0
8,RANK,CYCLE,INVERSE,5,8898.0,2665.0
8,RANK,CYCLE,INVERSE,6,9380.0,2656.0
8,RANK,CYCLE,INVERSE,7,10133.0,2661.0
8,RANK,CYCLE,INVERSE,8,9610.0,2643.0
8,RANK,CYCLE,INVERSE,9,9468.0,2652.0
8,RANK,CYCLE,INVERSE,10,9433.0,2659.0
8,RANK,CYCLE,INVERSE,11,9069.0,2615.0
8,RANK,CYCLE,INVERSE,12,9202.0,2593.0
8,RANK,CYCLE,INVERSE,13,9524.0,2638.0
8,RANK,CYCLE,INVERSE,14,9330.0,2589.0
8,RANK,CYCLE,INVERSE,15,9239.0,2634.0
8,RANK,CYCLE,INVERSE,16,8528.0,2646.0
8,RANK,CYCLE,INVERSE,17,9326.0,2603.0
8,RANK,CYCLE,INVERSE,18,9290.0,2587.0
8,RANK,CYCLE,INVERSE,19,9313.0,2629.0
8,RANK,CYCLE,INVERSE,20,9389.0,2620.0
8,RANK,CYCLE,INVERSE,21,9093.0,2616.0
8,RANK,CYCLE,INVERSE,22,9033.0,2611.0
8,RANK,CYCLE,INVERSE,23,8997.0,2608.0
8,RANK,CYCLE,INVERSE,24,9514.0,2605.0
8,RANK,CYCLE,INVERSE,25,9389.0,2588.0
8,RANK,CYCLE,INVERSE,26,8655.0,2629.0
8,RANK,CYCLE,INVERSE,27,9419.0,2570.0
8,RANK,CYCLE,INVERSE,28,9020.0,2606.0
8,RANK,CYCLE,INVERSE,29,9340.0,2565.0
8,RANK,CYCLE,INVERSE,30,9360.0,2611.0
8,RANK,CYCLE,INVERSE,31,9505.0,2625.0
8,RANK,CYCLE,INVERSE,32,9895.0,2588.0
8,RANK,CYCLE,INVERSE,33,9082.0,2572.0
8,RANK,CYCLE,INVERSE,34,8945.0,2610.0
8,RANK,CYCLE,INVERSE,35,9033.0,2593.0
8,RANK,CYCLE,INVERSE,36,9299.0,2595.0
8,RANK,CYCLE,INVERSE,37,9214.0,2614.0
8,RANK,CYCLE,INVERSE,38,9526.0,2612.0
8,RANK,CYCLE,INVERSE,39,8876.0,2593.0
8,RANK,CYCLE,INVERSE,40,8817.0,2591.0
8,RANK,CYCLE,INVERSE,41,9019.0,2594.0
8,RANK,CYCLE,INVERSE,42,8935.0,2589.0
8,RANK,CYCLE,INVERSE,43,10087.0,2586.0
8,RANK,CYCLE,INVERSE,44,8931.0,2573.0
8,RANK,CYCLE,INVERSE,45,8932.0,2581.0
8,RANK,CYCLE,INVERSE,46,8665.0,2593.0
8,RANK,CYCLE,INVERSE,47,9511.0,2608.0
8,RANK,CYCLE,INVERSE,48,9204.0,2586.0
8,RANK,CYCLE,INVERSE,49,9234.0,2594.0
8,RANK,CYCLE,INVERSE,50,8848.0,2588.0
8,RANK,CYCLE,INVERSE,51,8856.0,2575.0
8,RANK,CYCLE,INVERSE,52,8671.0,2568.0
8,RANK,CYCLE,INVERSE,53,9192.0,2591.0
8,RANK,CYCLE,INVERSE,54,9069.0,2627.0
8,RANK,CYCLE,INVERSE,55,8768.0,2560.0
8,RANK,CYCLE,INVERSE,56,9050.0,2570.0
8,RANK,CYCLE,INVERSE,57,8669.0,2579.0
8,RANK,CYCLE,INVERSE,58,9471.0,2571.0
8,RANK,CYCLE,INVERSE,59,8857.0,2575.0
8,RANK,CYCLE,INVERSE,60,8667.0,2568.0
8,RANK,CYCLE,INVERSE,61,8624.0,2559.0
8,RANK,CYCLE,INVERSE,62,8698.0,2538.0
8,RANK,CYCLE,INVERSE,63,9185.0,2586.0
8,RANK,CYCLE,INVERSE,64,8511.0,2580.0
8,RANK,CYCLE,INVERSE,65,8975.0,2591.0
8,RANK,CYCLE,INVERSE,66,8765.0,2565.0
8,RANK,CYCLE,INVERSE,67,8727.0,2608.0
8,RANK,CYCLE,INVERSE,68,8729.0,2574.0
8,RANK,CYCLE,INVERSE,69,9036.0,2567.0
8,RANK,CYCLE,INVERSE,70,8794.0,2565.0
8,RANK,CYCLE,INVERSE,71,8684.0,2581.0
8,RANK,CYCLE,INVERSE,72,8743.0,2558.0
8,RANK,CYCLE,INVERSE,73,9204.0,2566.0
8,RANK,CYCLE,INVERSE,74,8683.0,2549.0
8,RANK,CYCLE,INVERSE,75,9063.0,2561.0
8,RANK,CYCLE,INVERSE,76,8923.0,2572.0
8,RANK,CYCLE,INVERSE,77,8967.0,2539.0
8,RANK,CYCLE,INVERSE,78,9169.0,2591.0
8,RANK,CYCLE,INVERSE,79,8972.0,2584.0
8,RANK,CYCLE,INVERSE,80,8903.0,2612.0
8,RANK,CYCLE,INVERSE,81,9192.0,2578.0
8,RANK,CYCLE,INVERSE,82,8491.0,2621.0
8,RANK,CYCLE,INVERSE,83,8363.0,2655.0
8,RANK,CYCLE,INVERSE,84,8609.0,2596.0
8,RANK,CYCLE,INVERSE,85,8754.0,2589.0
8,RANK,CYCLE,INVERSE,86,8472.0,2606.0
8,RANK,CYCLE,INVERSE,87,8965.0,2558.0
8,RANK,CYCLE,INVERSE,88,9045.0,2601.0
8,RANK,CYCLE,INVERSE,89,9014.0,2578.0
8,RANK,CYCLE,INVERSE,90,9605.0,2555.0
8,RANK,CYCLE,INVERSE,91,9391.0,2557.0
8,RANK,CYCLE,INVERSE,92,9066.0,2572.0
8,RANK,CYCLE,INVERSE,93,8808.0,2587.0
8,RANK,CYCLE,INVERSE,94,10017.0,2577.0
8,RANK,CYCLE,INVERSE,95,9246.0,2556.0
8,RANK,CYCLE,INVERSE,96,8998.0,2583.0
8,RANK,CYCLE,INVERSE,97,9290.0,2539.0
8,RANK,CYCLE,INVERSE,98,9154.0,2547.0
8,RANK,CYCLE,INVERSE,99,9022.0,2595.0
9,RANK,CYCLE,DISPLACEMENT,0,9251.0,2657.0
9,RANK,CYCLE,DISPLACEMENT,1,9711.0,2635.0
9,RANK,CYCLE,DISPLACEMENT,2,9598.0,2647.0
9,RANK,CYCLE,DISPLACEMENT,3,9201.0,2671.0
9,RANK,CYCLE,DISPLACEMENT,4,9173.0,2653.0
9,RANK,CYCLE,DISPLACEMENT,5,9622.0,2614.0
9,RANK,CYCLE,DISPLACEMENT,6,9118.0,2642.0
9,RANK,CYCLE,DISPLACEMENT,7,9361.0,2643.0
9,RANK,CYCLE,DISPLACEMENT,8,8940.0,2632.0
9,RANK,CYCLE,DISPLACEMENT,9,9295.0,2649.0
9,RANK,CYCLE,DISPLACEMENT,10,9003.0,2651.0
9,RANK,CYCLE,DISPLACEMENT,11,8758.0,2628.0
9,RANK,CYCLE,DISPLACEMENT,12,9372.0,2572.0
9,RANK,CYCLE,DISPLACEMENT,13,8662.0,2642.0
9,RANK,CYCLE,DISPLACEMENT,14,8747.0,2605.0
9,RANK,CYCLE,DISPLACEMENT,15,8935.0,2620.0
9,RANK,CYCLE,DISPLACEMENT,16,9232.0,2569.0
9,RANK,CYCLE,DISPLACEMENT,17,9238.0,2585.0
9,RANK,CYCLE,DISPLACEMENT,18,8865.0,2559.0
9,RANK,CYCLE,DISPLACEMENT,19,9556.0,2600.0
9,RANK,CYCLE,DISPLACEMENT,20,8913.0,2558.0
9,RANK,CYCLE,DISPLACEMENT,21,8889.0,2573.0
9,RANK,CYCLE,DISPLACEMENT,22,8780.0,2590.0
9,RANK,CYCLE,DISPLACEMENT,23,9427.0,2634.0
9,RANK,CYCLE,DISPLACEMENT,24,9257.0,2601.0
9,RANK,CYCLE,DISPLACEMENT,25,8783.0,2596.0
9,RANK,CYCLE,DISPLACEMENT,26,9159.0,2592.0
9,RANK,CYCLE,DISPLACEMENT,27,9055.0,2576.0
9,RANK,CYCLE,DISPLACEMENT,28,8506.0,2595.0
9,RANK,CYCLE,DISPLACEMENT,29,9010.0,2583.0
9,RANK,CYCLE,DISPLACEMENT,30,8722.0,2565.0
9,RANK,CYCLE,DISPLACEMENT,31,8903.0,2551.0
9,RANK,CYCLE,DISPLACEMENT,32,9014.0,2558.0
9,RANK,CYCLE,DISPLACEMENT,33,8809.0,2582.0
9,RANK,CYCLE,DISPLACEMENT,34,8605.0,2551.0
9,RANK,CYCLE,DISPLACEMENT,35,8953.0,2590.0
9,RANK,CYCLE,DISPLACEMENT,36,8820.0,2590.0
9,RANK,CYCLE,DISPLACEMENT,37,8671.0,2573.0
9,RANK,CYCLE,DISPLACEMENT,38,8775.0,2573.0
9,RANK,CYCLE,DISPLACEMENT,39,8407.0,2589.0
9,RANK,CYCLE,DISPLACEMENT,40,8678.0,2579.0
9,RANK,CYCLE,DISPLACEMENT,41,8935.0,2552.0
9,RANK,CYCLE,DISPLACEMENT,42,9179.0,2539.0
9,RANK,CYCLE,DISPLACEMENT,43,8673.0,2577.0
9,RANK,CYCLE,DISPLACEMENT,44,8572.0,2558.0
9,RANK,CYCLE,DISPLACEMENT,45,8453.0,2551.0
9,RANK,CYCLE,DISPLACEMENT,46,8456.0,2568.0
9,RANK,CYCLE,DISPLACEMENT,47,9169.0,2518.0
9,RANK,CYCLE,DISPLACEMENT,48,8625.0,2586.0
9,RANK,CYCLE,DISPLACEMENT,49,9083.0,2525.0
9,RANK,CYCLE,DISPLACEMENT,50,8540.0,2591.0
9,RANK,CYCLE,DISPLACEMENT,51,8711.0,2612.0
9,RANK,CYCLE,DISPLACEMENT,52,8865.0,2615.0
9,RANK,CYCLE,DISPLACEMENT,53,8977.0,2569.0
9,RANK,CYCLE,DISPLACEMENT,54,8754.0,2634.0
9,RANK,CYCLE,DISPLACEMENT,55,8846.0,2606.0
9,RANK,CYCLE,DISPLACEMENT,56,8620.0,2632.0
9,RANK,CYCLE,DISPLACEMENT,57,8551.0,2630.0
9,RANK,CYCLE,DISPLACEMENT,58,8520.0,2634.0
9,RANK,CYCLE,DISPLACEMENT,59,8813.0,2604.0
9,RANK,CYCLE,DISPLACEMENT,60,8725.0,2606.0
9,RANK,CYCLE,DISPLACEMENT,61,8570.0,2603.0
9,RANK,CYCLE,DISPLACEMENT,62,8887.0,2583.0
9,RANK,CYCLE,DISPLACEMENT,63,8652.0,2597.0
9,RANK,CYCLE,DISPLACEMENT,64,8745.0,2600.0
9,RANK,CYCLE,DISPLACEMENT,65,8452.0,2633.0
9,RANK,CYCLE,DISPLACEMENT,66,8754.0,2584.0
9,RANK,CYCLE,DISPLACEMENT,67,8379.0,2604.0
9,RANK,CYCLE,DISPLACEMENT,68,8415.0,2605.0
9,RANK,CYCLE,DISPLACEMENT,69,8674.0,2595.0
9,RANK,CYCLE,DISPLACEMENT,70,8708.0,2609.0
9,RANK,CYCLE,DISPLACEMENT,71,8812.0,2587.0
9,RANK,CYCLE,DISPLACEMENT,72,8532.0,2602.0
9,RANK,CYCLE,DISPLACEMENT,73,9144.0,2598.0
9,RANK,CYCLE,DISPLACEMENT,74,8717.0,2602.0
9,RANK,CYCLE,DISPLACEMENT,75,8276.0,2596.0
9,RANK,CYCLE,DISPLACEMENT,76,8761.0,2596.0
9,RANK,CYCLE,DISPLACEMENT,77,8795.0,2604.0
9,RANK,CYCLE,DISPLACEMENT,78,8525.0,2587.0
9,RANK,CYCLE,DISPLACEMENT,79,8735.0,2585.0
9,RANK,CYCLE,DISPLACEMENT,80,8851.0,2571.0
9,RANK,CYCLE,DISPLACEMENT,81,8791.0,2578.0
9,RANK,CYCLE,DISPLACEMENT,82,8748.0,2591.0
9,RANK,CYCLE,DISPLACEMENT,83,8853.0,2579.0
9,RANK,CYCLE,DISPLACEMENT,84,9026.0,2556.0
9,RANK,CYCLE,DISPLACEMENT,85,9050.0,2620.0
9,RANK,CYCLE,DISPLACEMENT,86,8786.0,2599.0
9,RANK,CYCLE,DISPLACEMENT,87,8878.0,2572.0
9,RANK,CYCLE,DISPLACEMENT,88,8893.0,2579.0
9,RANK,CYCLE,DISPLACEMENT,89,8690.0,2593.0
9,RANK,CYCLE,DISPLACEMENT,90,9340.0,2570.0
9,RANK,CYCLE,DISPLACEMENT,91,8943.0,2570.0
9,RANK,CYCLE,DISPLACEMENT,92,9097.0,2561.0
9,RANK,CYCLE,DISPLACEMENT,93,8936.0,2571.0
9,RANK,CYCLE,DISPLACEMENT,94,8832.0,2615.0
9,RANK,CYCLE,DISPLACEMENT,95,8935.0,2580.0
9,RANK,CYCLE,DISPLACEMENT,96,8735.0,2618.0
9,RANK,CYCLE,DISPLACEMENT,97,8981.0,2563.0
9,RANK,CYCLE,DISPLACEMENT,98,9115.0,2570.0
9,RANK,CYCLE,DISPLACEMENT,99,9405.0,2554.0
10,TOURNAMENT,ORDER,SCRAMBLE,0,9574.0,2660.0
10,TOURNAMENT,ORDER,SCRAMBLE,1,9685.0,2609.0
10,TOURNAMENT,ORDER,SCRAMBLE,2,9228.0,2665.0
10,TOURNAMENT,ORDER,SCRAMBLE,3,9871.0,2611.0
10,TOURNAMENT,ORDER,SCRAMBLE,4,9838.0,2620.0
10,TOURNAMENT,ORDER,SCRAMBLE,5,9738.0,2678.0
10,TOURNAMENT,ORDER,SCRAMBLE,6,9302.0,2683.0
10,TOURNAMENT,ORDER,SCRAMBLE,7,8692.0,2635.0
10,TOURNAMENT,ORDER,SCRAMBLE,8,9473.0,2602.0
10,TOURNAMENT,ORDER,SCRAMBLE,9,9227.0,2608.0
10,TOURNAMENT,ORDER,SCRAMBLE,10,9899.0,2613.0
10,TOURNAMENT,ORDER,SCRAMBLE,11,9475.0,2563.0
10,TOURNAMENT,ORDER,SCRAMBLE,12,9812.0,2583.0
10,TOURNAMENT,ORDER,SCRAMBLE,13,9329.0,2566.0
10,TOURNAMENT,ORDER,SCRAMBLE,14,9094.0,2608.0
10,TOURNAMENT,ORDER,SCRAMBLE,15,9667.0,2568.0
10,TOURNAMENT,ORDER,SCRAMBLE,16,9550.0,2600.0
10,TOURNAMENT,ORDER,SCRAMBLE,17,9379.0,2607.0
10,TOURNAMENT,ORDER,SCRAMBLE,18,9291.0,2646.0
10,TOURNAMENT,ORDER,SCRAMBLE,19,10055.0,2621.0
10,TOURNAMENT,ORDER,SCRAMBLE,20,9457.0,2650.0
10,TOURNAMENT,ORDER,SCRAMBLE,21,9487.0,2557.0
10,TOURNAMENT,ORDER,SCRAMBLE,22,9256.0,2630.0
10,TOURNAMENT,ORDER,SCRAMBLE,23,9515.0,2625.0
10,TOURNAMENT,ORDER,SCRAMBLE,24,8924.0,2622.0
10,TOURNAMENT,ORDER,SCRAMBLE,25,9144.0,2591.0
10,TOURNAMENT,ORDER,SCRAMBLE,26,9070.0,2613.0
10,TOURNAMENT,ORDER,SCRAMBLE,27,9498.0,2614.0
10,TOURNAMENT,ORDER,SCRAMBLE,28,9430.0,2665.0
10,TOURNAMENT,ORDER,SCRAMBLE,29,9370.0,2627.0
10,TOURNAMENT,ORDER,SCRAMBLE,30,9417.0,2640.0
10,TOURNAMENT,ORDER,SCRAMBLE,31,8952.0,2635.0
10,TOURNAMENT,ORDER,SCRAMBLE,32,8729.0,2603.0
10,TOURNAMENT,ORDER,SCRAMBLE,33,8890.0,2601.0
10,TOURNAMENT,ORDER,SCRAMBLE,34,9303.0,2652.0
10,TOURNAMENT,ORDER,SCRAMBLE,35,8719.0,2684.0
10,TOURNAMENT,ORDER,SCRAMBLE,36,9223.0,2604.0
10,TOURNAMENT,ORDER,SCRAMBLE,37,8573.0,2570.0
10,TOURNAMENT,ORDER,SCRAMBLE,38,8709.0,2636.0
10,TOURNAMENT,ORDER,SCRAMBLE,39,9073.0,2622.0
10,TOURNAMENT,ORDER,SCRAMBLE,40,9369.0,2632.0
10,TOURNAMENT,ORDER,SCRAMBLE,41,9356.0,2621.0
10,TOURNAMENT,ORDER,SCRAMBLE,42,9583.0,2623.0
10,TOURNAMENT,ORDER,SCRAMBLE,43,9069.0,2620.0
10,TOURNAMENT,ORDER,SCRAMBLE,44,8900.0,2644.0
10,TOURNAMENT,ORDER,SCRAMBLE,45,9226.0,2584.0
10,TOURNAMENT,ORDER,SCRAMBLE,46,9137.0,2618.0
10,TOURNAMENT,ORDER,SCRAMBLE,47,9504.0,2596.0
10,TOURNAMENT,ORDER,SCRAMBLE,48,9025.0,2608.0
10,TOURNAMENT,ORDER,SCRAMBLE,49,8783.0,2596.0
10,TOURNAMENT,ORDER,SCRAMBLE,50,8702.0,2618.0
10,TOURNAMENT,ORDER,SCRAMBLE,51,9041.0,2627.0
10,TOURNAMENT,ORDER,SCRAMBLE,52,8931.0,2567.0
10,TOURNAMENT,ORDER,SCRAMBLE,53,8981.0,2568.0
10,TOURNAMENT,ORDER,SCRAMBLE,54,8610.0,2623.0
10,TOURNAMENT,ORDER,SCRAMBLE,55,9451.0,2593.0
10,TOURNAMENT,ORDER,SCRAMBLE,56,8654.0,2618.0
10,TOURNAMENT,ORDER,SCRAMBLE,57,8880.0,2570.0
10,TOURNAMENT,ORDER,SCRAMBLE,58,8981.0,2597.0
10,TOURNAMENT,ORDER,SCRAMBLE,59,9134.0,2627.0
10,TOURNAMENT,ORDER,SCRAMBLE,60,8911.0,2627.0
10,TOURNAMENT,ORDER,SCRAMBLE,61,9313.0,2595.0
10,TOURNAMENT,ORDER,SCRAMBLE,62,9124.0,2635.0
10,TOURNAMENT,ORDER,SCRAMBLE,63,9298.0,2597.0
10,TOURNAMENT,ORDER,SCRAMBLE,64,8641.0,2591.0
10,TOURNAMENT,ORDER,SCRAMBLE,65,8846.0,2595.0
10,TOURNAMENT,ORDER,SCRAMBLE,66,9410.0,2607.0
10,TOURNAMENT,ORDER,SCRAMBLE,67,9464.0,2536.0
10,TOURNAMENT,ORDER,SCRAMBLE,68,8845.0,2610.0
10,TOURNAMENT,ORDER,SCRAMBLE,69,9423.0,2541.0
10,TOURNAMENT,ORDER,SCRAMBLE,70,9244.0,2590.0
10,TOURNAMENT,ORDER,SCRAMBLE,71,8960.0,2563.0
10,TOURNAMENT,ORDER,SCRAMBLE,72,9340.0,2536.0
10,TOURNAMENT,ORDER,SCRAMBLE,73,9396.0,2564.0
10,TOURNAMENT,ORDER,SCRAMBLE,74,8912.0,2581.0
10,TOURNAMENT,ORDER,SCRAMBLE,75,9126.0,2580.0
10,TOURNAMENT,ORDER,SCRAMBLE,76,9550.0,2546.0
10,TOURNAMENT,ORDER,SCRAMBLE,77,9144.0,2563.0
10,TOURNAMENT,ORDER,SCRAMBLE,78,9371.0,2649.0
10,TOURNAMENT,ORDER,SCRAMBLE,79,9018.0,2602.0
10,TOURNAMENT,ORDER,SCRAMBLE,80,9099.0,2632.0
10,TOURNAMENT,ORDER,SCRAMBLE,81,9332.0,2616.0
10,TOURNAMENT,ORDER,SCRAMBLE,82,9220.0,2656.0
10,TOURNAMENT,ORDER,SCRAMBLE,83,9790.0,2588.0
10,TOURNAMENT,ORDER,SCRAMBLE,84,8993.0,2675.0
10,TOURNAMENT,ORDER,SCRAMBLE,85,9481.0,2605.0
10,TOURNAMENT,ORDER,SCRAMBLE,86,9346.0,2619.0
10,TOURNAMENT,ORDER,SCRAMBLE,87,9307.0,2583.0
10,TOURNAMENT,ORDER,SCRAMBLE,88,9225.0,2607.0
10,TOURNAMENT,ORDER,SCRAMBLE,89,9499.0,2575.0
10,TOURNAMENT,ORDER,SCRAMBLE,90,9198.0,2617.0
10,TOURNAMENT,ORDER,SCRAMBLE,91,9923.0,2569.0
10,TOURNAMENT,ORDER,SCRAMBLE,92,9165.0,2638.0
10,TOURNAMENT,ORDER,SCRAMBLE,93,8183.0,2594.0
10,TOURNAMENT,ORDER,SCRAMBLE,94,9480.0,2584.0
10,TOURNAMENT,ORDER,SCRAMBLE,95,8668.0,2614.0
10,TOURNAMENT,ORDER,SCRAMBLE,96,8970.0,2551.0
10,TOURNAMENT,ORDER,SCRAMBLE,97,8981.0,2604.0
10,TOURNAMENT,ORDER,SCRAMBLE,98,9407.0,2578.0
10,TOURNAMENT,ORDER,SCRAMBLE,99,8320.0,2638.0
11,TOURNAMENT,ORDER,INVERSE,0,9507.0,2645.0
11,TOURNAMENT,ORDER,INVERSE,1,10018.0,2608.0
11,TOURNAMENT,ORDER,INVERSE,2,9819.0,2601.0
11,TOURNAMENT,ORDER,INVERSE,3,9059.0,2601.0
11,TOURNAMENT,ORDER,INVERSE,4,9803.0,2603.0
11,TOURNAMENT,ORDER,INVERSE,5,8941.0,2600.0
11,TOURNAMENT,ORDER,INVERSE,6,8757.0,2593.0
11,TOURNAMENT,ORDER,INVERSE,7,8938.0,2620.0
11,TOURNAMENT,ORDER,INVERSE,8,9214.0,2600.0
11,TOURNAMENT,ORDER,INVERSE,9,8926.0,2581.0
11,TOURNAMENT,ORDER,INVERSE,10,9066.0,2574.0
11,TOURNAMENT,ORDER,INVERSE,11,9369.0,2561.0
11,TOURNAMENT,ORDER,INVERSE,12,9064.0,2625.0
11,TOURNAMENT,ORDER,INVERSE,13,9386.0,2624.0
11,TOURNAMENT,ORDER,INVERSE,14,9241.0,2666.0
11,TOURNAMENT,ORDER,INVERSE,15,9111.0,2618.0
11,TOURNAMENT,ORDER,INVERSE,16,9297.0,2622.0
11,TOURNAMENT,ORDER,INVERSE,17,8764.0,2574.0
11,TOURNAMENT,ORDER,INVERSE,18,8933.0,2621.0
11,TOURNAMENT,ORDER,INVERSE,19,8852.0,2612.0
11,TOURNAMENT,ORDER,INVERSE,20,9246.0,2574.0
11,TOURNAMENT,ORDER,INVERSE,21,8561.0,2625.0
11,TOURNAMENT,ORDER,INVERSE,22,8967.0,2589.0
11,TOURNAMENT,ORDER,INVERSE,23,8593.0,2563.0
11,TOURNAMENT,ORDER,INVERSE,24,8789.0,2574.0
11,TOURNAMENT,ORDER,INVERSE,25,9330.0,2546.0
11,TOURNAMENT,ORDER,INVERSE,26,8957.0,2568.0
11,TOURNAMENT,ORDER,INVERSE,27,8529.0,2577.0
11,TOURNAMENT,ORDER,INVERSE,28,8807.0,2586.0
11,TOURNAMENT,ORDER,INVERSE,29,8926.0,2580.0
11,TOURNAMENT,ORDER,INVERSE,30,8749.0,2593.0
11,TOURNAMENT,ORDER,INVERSE,31,9287.0,2520.0
11,TOURNAMENT,ORDER,INVERSE,32,9224.0,2588.0
11,TOURNAMENT,ORDER,INVERSE,33,9579.0,2527.0
11,TOURNAMENT,ORDER,INVERSE,34,9226.0,2557.0
11,TOURNAMENT,ORDER,INVERSE,35,9053.0,2560.0
11,TOURNAMENT,ORDER,INVERSE,36,9251.0,2544.0
11,TOURNAMENT,ORDER,INVERSE,37,8899.0,2543.0
11,TOURNAMENT,ORDER,INVERSE,38,8389.0,2597.0
11,TOURNAMENT,ORDER,INVERSE,39,9009.0,2566.0
11,TOURNAMENT,ORDER,INVERSE,40,9492.0,2539.0
11,TOURNAMENT,ORDER,INVERSE,41,8387.0,2566.0
11,TOURNAMENT,ORDER,INVERSE,42,9323.0,2544.0
11,TOURNAMENT,ORDER,INVERSE,43,8893.0,2520.0
11,TOURNAMENT,ORDER,INVERSE,44,8735.0,2564.0
11,TOURNAMENT,ORDER,INVERSE,45,9267.0,2551.0
11,TOURNAMENT,ORDER,INVERSE,46,8843.0,2546.0
11,TOURNAMENT,ORDER,INVERSE,47,9431.0,2519.0
11,TOURNAMENT,ORDER,INVERSE,48,9145.0,2559.0
11,TOURNAMENT,ORDER,INVERSE,49,8700.0,2581.0
11,TOURNAMENT,ORDER,INVERSE,50,9084.0,2524.0
11,TOURNAMENT,ORDER,INVERSE,51,9340.0,2601.0
11,TOURNAMENT,ORDER,INVERSE,52,9439.0,2581.0
11,TOURNAMENT,ORDER,INVERSE,53,9192.0,2579.0
11,TOURNAMENT,ORDER,INVERSE,54,8902.0,2538.0
11,TOURNAMENT,ORDER,INVERSE,55,9024.0,2565.0
11,TOURNAMENT,ORDER,INVERSE,56,8689.0,2575.0
11,TOURNAMENT,ORDER,INVERSE,57,8584.0,2576.0
11,TOURNAMENT,ORDER,INVERSE,58,8922.0,2600.0
11,TOURNAMENT,ORDER,INVERSE,59,8859.0,2556.0
11,TOURNAMENT,ORDER,INVERSE,60,9032.0,2562.0
11,TOURNAMENT,ORDER,INVERSE,61,9299.0,2540.0
11,TOURNAMENT,ORDER,INVERSE,62,9864.0,2527.0
11,TOURNAMENT,ORDER,INVERSE,63,9113.0,2539.0
11,TOURNAMENT,ORDER,INVERSE,64,9087.0,2549.0
11,TOURNAMENT,ORDER,INVERSE,65,9366.0,2547.0
11,TOURNAMENT,ORDER,INVERSE,66,9393.0,2551.0
11,TOURNAMENT,ORDER,INVERSE,67,8956.0,2516.0
11,TOURNAMENT,ORDER,INVERSE,68,9324.0,2543.0
11,TOURNAMENT,ORDER,INVERSE,69,9194.0,2518.0
11,TOURNAMENT,ORDER,INVERSE,70,9119.0,2497.0
11,TOURNAMENT,ORDER,INVERSE,71,9412.0,2546.0
11,TOURNAMENT,ORDER,INVERSE,72,9004.0,2503.0
11,TOURNAMENT,ORDER,INVERSE,73,9263.0,2555.0
11,TOURNAMENT,ORDER,INVERSE,74,9009.0,2543.0
11,TOURNAMENT,ORDER,INVERSE,75,8930.0,2534.0
11,TOURNAMENT,ORDER,INVERSE,76,9072.0,2572.0
11,TOURNAMENT,ORDER,INVERSE,77,9010.0,2523.0
11,TOURNAMENT,ORDER,INVERSE,78,8928.0,2539.0
11,TOURNAMENT,ORDER,INVERSE,79,8948.0,2555.0
11,TOURNAMENT,ORDER,INVERSE,80,8688.0,2512.0
11,TOURNAMENT,ORDER,INVERSE,81,9123.0,2564.0
11,TOURNAMENT,ORDER,INVERSE,82,9106.0,2570.0
11,TOURNAMENT,ORDER,INVERSE,83,9194.0,2559.0
11,TOURNAMENT,ORDER,INVERSE,84,8805.0,2524.0
11,TOURNAMENT,ORDER,INVERSE,85,9143.0,2548.0
11,TOURNAMENT,ORDER,INVERSE,86,8808.0,2578.0
11,TOURNAMENT,ORDER,INVERSE,87,9266.0,2553.0
11,TOURNAMENT,ORDER,INVERSE,88,9130.0,2508.0
11,TOURNAMENT,ORDER,INVERSE,89,9193.0,2521.0
11,TOURNAMENT,ORDER,INVERSE,90,9444.0,2569.0
11,TOURNAMENT,ORDER,INVERSE,91,9087.0,2559.0
11,TOURNAMENT,ORDER,INVERSE,92,9557.0,2534.0
11,TOURNAMENT,ORDER,INVERSE,93,9231.0,2495.0
11,TOURNAMENT,ORDER,INVERSE,94,9282.0,2521.0
11,TOURNAMENT,ORDER,INVERSE,95,9880.0,2541.0
11,TOURNAMENT,ORDER,INVERSE,96,9029.0,2533.0
11,TOURNAMENT,ORDER,INVERSE,97,9907.0,2570.0
11,TOURNAMENT,ORDER,INVERSE,98,8682.0,2553.0
11,TOURNAMENT,ORDER,INVERSE,99,8782.0,2520.0
12,TOURNAMENT,ORDER,DISPLACEMENT,0,9580.0,2667.0
12,TOURNAMENT,ORDER,DISPLACEMENT,1,9485.0,2654.0
12,TOURNAMENT,ORDER,DISPLACEMENT,2,9301.0,2598.0
12,TOURNAMENT,ORDER,DISPLACEMENT,3,9397.0,2646.0
12,TOURNAMENT,ORDER,DISPLACEMENT,4,10028.0,2632.0
12,TOURNAMENT,ORDER,DISPLACEMENT,5,9179.0,2652.0
12,TOURNAMENT,ORDER,DISPLACEMENT,6,9597.0,2659.0
12,TOURNAMENT,ORDER,DISPLACEMENT,7,9545.0,2642.0
12,TOURNAMENT,ORDER,DISPLACEMENT,8,9784.0,2640.0
12,TOURNAMENT,ORDER,DISPLACEMENT,9,9787.0,2564.0
12,TOURNAMENT,ORDER,DISPLACEMENT,10,9165.0,2630.0
12,TOURNAMENT,ORDER,DISPLACEMENT,11,9467.0,2606.0
12,TOURNAMENT,ORDER,DISPLACEMENT,12,9398.0,2640.0
12,TOURNAMENT,ORDER,DISPLACEMENT,13,9067.0,2619.0
12,TOURNAMENT,ORDER,DISPLACEMENT,14,9723.0,2622.0
12,TOURNAMENT,ORDER,DISPLACEMENT,15,8962.0,2594.0
12,TOURNAMENT,ORDER,DISPLACEMENT,16,8932.0,2616.0
12,TOURNAMENT,ORDER,DISPLACEMENT,17,9038.0,2628.0
12,TOURNAMENT,ORDER,DISPLACEMENT,18,9445.0,2647.0
12,TOURNAMENT,ORDER,DISPLACEMENT,19,8949.0,2590.0
12,TOURNAMENT,ORDER,DISPLACEMENT,20,9195.0,2608.0
12,TOURNAMENT,ORDER,DISPLACEMENT,21,8974.0,2624.0
12,TOURNAMENT,ORDER,DISPLACEMENT,22,8847.0,2639.0
12,TOURNAMENT,ORDER,DISPLACEMENT,23,8652.0,2617.0
12,TOURNAMENT,ORDER,DISPLACEMENT,24,8791.0,2596.0
12,TOURNAMENT,ORDER,DISPLACEMENT,25,8793.0,2620.0
12,TOURNAMENT,ORDER,DISPLACEMENT,26,9078.0,2606.0
12,TOURNAMENT,ORDER,DISPLACEMENT,27,8742.0,2601.0
12,TOURNAMENT,ORDER,DISPLACEMENT,28,9172.0,2579.0
12,TOURNAMENT,ORDER,DISPLACEMENT,29,9046.0,2591.0
12,TOURNAMENT,ORDER,DISPLACEMENT,30,9198.0,2570.0
12,TOURNAMENT,ORDER,DISPLACEMENT,31,8636.0,2616.0
12,TOURNAMENT,ORDER,DISPLACEMENT,32,8266.0,2598.0
12,TOURNAMENT,ORDER,DISPLACEMENT,33,8762.0,2584.0
12,TOURNAMENT,ORDER,DISPLACEMENT,34,8801.0,2543.0
12,TOURNAMENT,ORDER,DISPLACEMENT,35,8338.0,2624.0
12,TOURNAMENT,ORDER,DISPLACEMENT,36,8551.0,2616.0
12,TOURNAMENT,ORDER,DISPLACEMENT,37,8586.0,2590.0
12,TOURNAMENT,ORDER,DISPLACEMENT,38,8680.0,2555.0
12,TOURNAMENT,ORDER,DISPLACEMENT,39,9034.0,2576.0
12,TOURNAMENT,ORDER,DISPLACEMENT,40,8550.0,2614.0
12,TOURNAMENT,ORDER,DISPLACEMENT,41,9229.0,2588.0
12,TOURNAMENT,ORDER,DISPLACEMENT,42,8842.0,2619.0
12,TOURNAMENT,ORDER,DISPLACEMENT,43,9358.0,2545.0
12,TOURNAMENT,ORDER,DISPLACEMENT,44,8727.0,2602.0
12,TOURNAMENT,ORDER,DISPLACEMENT,45,9005.0,2600.0
12,TOURNAMENT,ORDER,DISPLACEMENT,46,8534.0,2553.0
12,TOURNAMENT,ORDER,DISPLACEMENT,47,8855.0,2588.0
12,TOURNAMENT,ORDER,DISPLACEMENT,48,8920.0,2554.0
12,TOURNAMENT,ORDER,DISPLACEMENT,49,8524.0,2583.0
12,TOURNAMENT,ORDER,DISPLACEMENT,50,8489.0,2590.0
12,TOURNAMENT,ORDER,DISPLACEMENT,51,8975.0,2552.0
12,TOURNAMENT,ORDER,DISPLACEMENT,52,8953.0,2558.0
12,TOURNAMENT,ORDER,DISPLACEMENT,53,9515.0,2535.0
12,TOURNAMENT,ORDER,DISPLACEMENT,54,8937.0,2549.0
12,TOURNAMENT,ORDER,DISPLACEMENT,55,8425.0,2513.0
12,TOURNAMENT,ORDER,DISPLACEMENT,56,9001.0,2520.0
12,TOURNAMENT,ORDER,DISPLACEMENT,57,9084.0,2550.0
12,TOURNAMENT,ORDER,DISPLACEMENT,58,8471.0,2572.0
12,TOURNAMENT,ORDER,DISPLACEMENT,59,8939.0,2549.0
12,TOURNAMENT,ORDER,DISPLACEMENT,60,9116.0,2553.0
12,TOURNAMENT,ORDER,DISPLACEMENT,61,8884.0,2562.0
12,TOURNAMENT,ORDER,DISPLACEMENT,62,8850.0,2556.0
12,TOURNAMENT,ORDER,DISPLACEMENT,63,9295.0,2524.0
12,TOURNAMENT,ORDER,DISPLACEMENT,64,8485.0,2594.0
12,TOURNAMENT,ORDER,DISPLACEMENT,65,9196.0,2537.0
12,TOURNAMENT,ORDER,DISPLACEMENT,66,8753.0,2616.0
12,TOURNAMENT,ORDER,DISPLACEMENT,67,9071.0,2551.0
12,TOURNAMENT,ORDER,DISPLACEMENT,68,9079.0,2576.0
12,TOURNAMENT,ORDER,DISPLACEMENT,69,9617.0,2574.0
12,TOURNAMENT,ORDER,DISPLACEMENT,70,9341.0,2547.0
12,TOURNAMENT,ORDER,DISPLACEMENT,71,9052.0,2540.0
12,TOURNAMENT,ORDER,DISPLACEMENT,72,9087.0,2529.0
12,TOURNAMENT,ORDER,DISPLACEMENT,73,8746.0,2575.0
12,TOURNAMENT,ORDER,DISPLACEMENT,74,8888.0,2520.0
12,TOURNAMENT,ORDER,DISPLACEMENT,75,8891.0,2518.0
12,TOURNAMENT,ORDER,DISPLACEMENT,76,9453.0,2532.0
12,TOURNAMENT,ORDER,DISPLACEMENT,77,8854.0,2518.0
12,TOURNAMENT,ORDER,DISPLACEMENT,78,9121.0,2541.0
12,TOURNAMENT,ORDER,DISPLACEMENT,79,8960.0,2533.0
12,TOURNAMENT,ORDER,DISPLACEMENT,80,9140.0,2524.0
12,TOURNAMENT,ORDER,DISPLACEMENT,81,8933.0,2606.0
12,TOURNAMENT,ORDER,DISPLACEMENT,82,8802.0,2514.0
12,TOURNAMENT,ORDER,DISPLACEMENT,83,8571.0,2581.0
12,TOURNAMENT,ORDER,DISPLACEMENT,84,8777.0,2495.0
12,TOURNAMENT,ORDER,DISPLACEMENT,85,8830.0,2505.0
12,TOURNAMENT,ORDER,DISPLACEMENT,86,8795.0,2586.0
12,TOURNAMENT,ORDER,DISPLACEMENT,87,8904.0,2524.0
12,TOURNAMENT,ORDER,DISPLACEMENT,88,9425.0,2528.0
12,TOURNAMENT,ORDER,DISPLACEMENT,89,8401.0,2515.0
12,TOURNAMENT,ORDER,DISPLACEMENT,90,8864.0,2553.0
12,TOURNAMENT,ORDER,DISPLACEMENT,91,9169.0,2526.0
12,TOURNAMENT,ORDER,DISPLACEMENT,92,8341.0,2586.0
12,TOURNAMENT,ORDER,DISPLACEMENT,93,8863.0,2536.0
12,TOURNAMENT,ORDER,DISPLACEMENT,94,8441.0,2573.0
12,TOURNAMENT,ORDER,DISPLACEMENT,95,8748.0,2570.0
12,TOURNAMENT,ORDER,DISPLACEMENT,96,8412.0,2528.0
12,TOURNAMENT,ORDER,DISPLACEMENT,97,8410.0,2548.0
12,TOURNAMENT,ORDER,DISPLACEMENT,98,8867.0,2529.0
12,TOURNAMENT,ORDER,DISPLACEMENT,99,8821.0,2517.0
13,TOURNAMENT,POSITION_BASED,SCRAMBLE,0,9433.0,2615.0
13,TOURNAMENT,POSITION_BASED,SCRAMBLE,1,9368.0,2589.0
13,TOURNAMENT,POSITION_BASED,SCRAMBLE,2,9344.0,2574.0
13,TOURNAMENT,POSITION_BASED,SCRAMBLE,3,9449.0,2624.0
13,TOURNAMENT,POSITION_BASED,SCRAMBLE,4,9702.0,2628.0
13,TOURNAMENT,POSITION_BASED,SCRAMBLE,5,9147.0,2635.0
13,TOURNAMENT,POSITION_BASED,SCRAMBLE,6,9526.0,2608.0
13,TOURNAMENT,POSITION_BASED,SCRAMBLE,7,9165.0,2638.0
13,TOURNAMENT,POSITION_BASED,SCRAMBLE,8,10010.0,2593.0
13,TOURNAMENT,POSITION_BASED,SCRAMBLE,9,9707.0,2579.0
13,TOURNAMENT,POSITION_BASED,SCRAMBLE,10,9803.0,2580.0
13,TOURNAMENT,POSITION_BASED,SCRAMBLE,11,9502.0,2632.0
13,TOURNAMENT,POSITION_BASED,SCRAMBLE,12,9562.0,2566.0
13,TOURNAMENT,POSITION_BASED,SCRAMBLE,13,9106.0,2658.0
13,TOURNAMENT,POSITION_BASED,SCRAMBLE,14,9288.0,2618.0
13,TOURNAMENT,POSITION_BASED,SCRAMBLE,15,9472.0,2629.0
13,TOURNAMENT,POSITION_BASED,SCRAMBLE,16,8836.0,2650.0
13,TOURNAMENT,POSITION_BASED,SCRAMBLE,17,9839.0,2645.0
13,TOURNAMENT,POSITION_BASED,SCRAMBLE,18,9840.0,2581.0
13,TOURNAMENT,POSITION_BASED,SCRAMBLE,19,9153.0,2629.0
13,TOURNAMENT,POSITION_BASED,SCRAMBLE,20,9482.0,2562.0
13,TOURNAMENT,POSITION_BASED,SCRAMBLE,21,9524.0,2627.0
13,TOURNAMENT,POSITION_BASED,SCRAMBLE,22,10004.0,2619.0
13,TOURNAMENT,POSITION_BASED,SCRAMBLE,23,9312.0,2633.0
13,TOURNAMENT,POSITION_BASED,SCRAMBLE,24,9649.0,2599.0
13,TOURNAMENT,POSITION_BASED,SCRAMBLE,25,9449.0,2616.0
13,TOURNAMENT,POSITION_BASED,SCRAMBLE,26,8881.0,2584.0
13,TOURNAMENT,POSITION_BASED,SCRAMBLE,27,9307.0,2589.0
13,TOURNAMENT,POSITION_BASED,SCRAMBLE,28,9543.0,2578.0
13,TOURNAMENT,POSITION_BASED,SCRAMBLE,29,9475.0,2637.0
13,TOURNAMENT,POSITION_BASED,SCRAMBLE,30,9252.0,2603.0
13,TOURNAMENT,POSITION_BASED,SCRAMBLE,31,9898.0,2611.0
13,TOURNAMENT,POSITION_BASED,SCRAMBLE,32,9286.0,2594.0
13,TOURNAMENT,POSITION_BASED,SCRAMBLE,33,9301.0,2616.0
13,TOURNAMENT,POSITION_BASED,SCRAMBLE,34,9308.0,2573.0
13,TOURNAMENT,POSITION_BASED,SCRAMBLE,35,9328.0,2591.0
13,TOURNAMENT,POSITION_BASED,SCRAMBLE,36,9263.0,2602.0
13,TOURNAMENT,POSITION_BASED,SCRAMBLE,37,9237.0,2591.0
13,TOURNAMENT,POSITION_BASED,SCRAMBLE,38,9938.0,2556.0
13,TOURNAMENT,POSITION_BASED,SCRAMBLE,39,9210.0,2574.0
13,TOURNAMENT,POSITION_BASED,SCRAMBLE,40,9936.0,2604.0
13,TOURNAMENT,POSITION_BASED,SCRAMBLE,41,9332.0,2617.0
13,TOURNAMENT,POSITION_BASED,SCRAMBLE,42,9525.0,2571.0
13,TOURNAMENT,POSITION_BASED,SCRAMBLE,43,9170.0,2594.0
13,TOURNAMENT,POSITION_BASED,SCRAMBLE,44,9195.0,2562.0
13,TOURNAMENT,POSITION_BASED,SCRAMBLE,45,9562.0,2608.0
13,TOURNAMENT,POSITION_BASED,SCRAMBLE,46,9246.0,2578.0
13,TOURNAMENT,POSITION_BASED,SCRAMBLE,47,9322.0,2581.0
13,TOURNAMENT,POSITION_BASED,SCRAMBLE,48,9497.0,2559.0
13,TOURNAMENT,POSITION_BASED,SCRAMBLE,49,8908.0,2633.0
13,TOURNAMENT,POSITION_BASED,SCRAMBLE,50,9459.0,2588.0
13,TOURNAMENT,POSITION_BASED,SCRAMBLE,51,9306.0,2583.0
13,TOURNAMENT,POSITION_BASED,SCRAMBLE,52,10071.0,2519.0
13,TOURNAMENT,POSITION_BASED,SCRAMBLE,53,9330.0,2574.0
13,TOURNAMENT,POSITION_BASED,SCRAMBLE,54,9230.0,2573.0
13,TOURNAMENT,POSITION_BASED,SCRAMBLE,55,9089.0,2602.0
13,TOURNAMENT,POSITION_BASED,SCRAMBLE,56,9583.0,2628.0
13,TOURNAMENT,POSITION_BASED,SCRAMBLE,57,10017.0,2607.0
13,TOURNAMENT,POSITION_BASED,SCRAMBLE,58,9137.0,2589.0
13,TOURNAMENT,POSITION_BASED,SCRAMBLE,59,9127.0,2621.0
13,TOURNAMENT,POSITION_BASED,SCRAMBLE,60,9199.0,2548.0
13,TOURNAMENT,POSITION_BASED,SCRAMBLE,61,10067.0,2592.0
13,TOURNAMENT,POSITION_BASED,SCRAMBLE,62,9027.0,2579.0
13,TOURNAMENT,POSITION_BASED,SCRAMBLE,63,9357.0,2598.0
13,TOURNAMENT,POSITION_BASED,SCRAMBLE,64,9215.0,2588.0
13,TOURNAMENT,POSITION_BASED,SCRAMBLE,65,9135.0,2544.0
13,TOURNAMENT,POSITION_BASED,SCRAMBLE,66,8924.0,2590.0
13,TOURNAMENT,POSITION_BASED,SCRAMBLE,67,9138.0,2588.0
13,TOURNAMENT,POSITION_BASED,SCRAMBLE,68,9948.0,2549.0
13,TOURNAMENT,POSITION_BASED,SCRAMBLE,69,9435.0,2602.0
13,TOURNAMENT,POSITION_BASED,SCRAMBLE,70,9103.0,2565.0
13,TOURNAMENT,POSITION_BASED,SCRAMBLE,71,9472.0,2578.0
13,TOURNAMENT,POSITION_BASED,SCRAMBLE,72,10010.0,2614.0
13,TOURNAMENT,POSITION_BASED,SCRAMBLE,73,9679.0,2579.0
13,TOURNAMENT,POSITION_BASED,SCRAMBLE,74,8981.0,2609.0
13,TOURNAMENT,POSITION_BASED,SCRAMBLE,75,9031.0,2627.0
13,TOURNAMENT,POSITION_BASED,SCRAMBLE,76,9454.0,2609.0
13,TOURNAMENT,POSITION_BASED,SCRAMBLE,77,9630.0,2607.0
13,TOURNAMENT,POSITION_BASED,SCRAMBLE,78,9616.0,2582.0
13,TOURNAMENT,POSITION_BASED,SCRAMBLE,79,9424.0,2512.0
13,TOURNAMENT,POSITION_BASED,SCRAMBLE,80,9617.0,2565.0
13,TOURNAMENT,POSITION_BASED,SCRAMBLE,81,9681.0,2538.0
13,TOURNAMENT,POSITION_BASED,SCRAMBLE,82,9322.0,2603.0
13,TOURNAMENT,POSITION_BASED,SCRAMBLE,83,9383.0,2582.0
13,TOURNAMENT,POSITION_BASED,SCRAMBLE,84,9547.0,2534.0
13,TOURNAMENT,POSITION_BASED,SCRAMBLE,85,9510.0,2579.0
13,TOURNAMENT,POSITION_BASED,SCRAMBLE,86,9475.0,2580.0
13,TOURNAMENT,POSITION_BASED,SCRAMBLE,87,9106.0,2591.0
13,TOURNAMENT,POSITION_BASED,SCRAMBLE,88,9552.0,2538.0
13,TOURNAMENT,POSITION_BASED,SCRAMBLE,89,9138.0,2597.0
13,TOURNAMENT,POSITION_BASED,SCRAMBLE,90,9704.0,2591.0
13,TOURNAMENT,POSITION_BASED,SCRAMBLE,91,9588.0,2575.0
13,TOURNAMENT,POSITION_BASED,SCRAMBLE,92,9704.0,2613.0
13,TOURNAMENT,POSITION_BASED,SCRAMBLE,93,9189.0,2592.0
13,TOURNAMENT,POSITION_BASED,SCRAMBLE,94,9109.0,2572.0
13,TOURNAMENT,POSITION_BASED,SCRAMBLE,95,9169.0,2564.0
13,TOURNAMENT,POSITION_BASED,SCRAMBLE,96,9024.0,2561.0
13,TOURNAMENT,POSITION_BASED,SCRAMBLE,97,9044.0,2576.0
13,TOURNAMENT,POSITION_BASED,SCRAMBLE,98,9839.0,2533.0
13,TOURNAMENT,POSITION_BASED,SCRAMBLE,99,9759.0,2551.0
14,TOURNAMENT,POSITION_BASED,INVERSE,0,9923.0,2652.0
14,TOURNAMENT,POSITION_BASED,INVERSE,1,9960.0,2625.0
14,TOURNAMENT,POSITION_BASED,INVERSE,2,9525.0,2641.0
14,TOURNAMENT,POSITION_BASED,INVERSE,3,9048.0,2644.0
14,TOURNAMENT,POSITION_BASED,INVERSE,4,9745.0,2632.0
14,TOURNAMENT,POSITION_BASED,INVERSE,5,9393.0,2675.0
14,TOURNAMENT,POSITION_BASED,INVERSE,6,9383.0,2608.0
14,TOURNAMENT,POSITION_BASED,INVERSE,7,9358.0,2644.0
14,TOURNAMENT,POSITION_BASED,INVERSE,8,9441.0,2602.0
14,TOURNAMENT,POSITION_BASED,INVERSE,9,9372.0,2624.0
14,TOURNAMENT,POSITION_BASED,INVERSE,10,9709.0,2613.0
14,TOURNAMENT,POSITION_BASED,INVERSE,11,9937.0,2597.0
14,TOURNAMENT,POSITION_BASED,INVERSE,12,9470.0,2657.0
14,TOURNAMENT,POSITION_BASED,INVERSE,13,8972.0,2576.0
14,TOURNAMENT,POSITION_BASED,INVERSE,14,9411.0,2566.0
14,TOURNAMENT,POSITION_BASED,INVERSE,15,9162.0,2552.0
14,TOURNAMENT,POSITION_BASED,INVERSE,16,8984.0,2619.0
14,TOURNAMENT,POSITION_BASED,INVERSE,17,9115.0,2622.0
14,TOURNAMENT,POSITION_BASED,INVERSE,18,9263.0,2647.0
14,TOURNAMENT,POSITION_BASED,INVERSE,19,9384.0,2625.0
14,TOURNAMENT,POSITION_BASED,INVERSE,20,10266.0,2577.0
14,TOURNAMENT,POSITION_BASED,INVERSE,21,9996.0,2579.0
14,TOURNAMENT,POSITION_BASED,INVERSE,22,9674.0,2597.0
14,TOURNAMENT,POSITION_BASED,INVERSE,23,9563.0,2555.0
14,TOURNAMENT,POSITION_BASED,INVERSE,24,9385.0,2630.0
14,TOURNAMENT,POSITION_BASED,INVERSE,25,9332.0,2572.0
14,TOURNAMENT,POSITION_BASED,INVERSE,26,9300.0,2567.0
14,TOURNAMENT,POSITION_BASED,INVERSE,27,9962.0,2615.0
14,TOURNAMENT,POSITION_BASED,INVERSE,28,9229.0,2574.0
14,TOURNAMENT,POSITION_BASED,INVERSE,29,9200.0,2668.0
14,TOURNAMENT,POSITION_BASED,INVERSE,30,9008.0,2564.0
14,TOURNAMENT,POSITION_BASED,INVERSE,31,9314.0,2569.0
14,TOURNAMENT,POSITION_BASED,INVERSE,32,9532.0,2552.0
14,TOURNAMENT,POSITION_BASED,INVERSE,33,9863.0,2601.0
14,TOURNAMENT,POSITION_BASED,INVERSE,34,8814.0,2627.0
14,TOURNAMENT,POSITION_BASED,INVERSE,35,9483.0,2627.0
14,TOURNAMENT,POSITION_BASED,INVERSE,36,9282.0,2582.0
14,TOURNAMENT,POSITION_BASED,INVERSE,37,9197.0,2638.0
14,TOURNAMENT,POSITION_BASED,INVERSE,38,9196.0,2635.0
14,TOURNAMENT,POSITION_BASED,INVERSE,39,8967.0,2621.0
14,TOURNAMENT,POSITION_BASED,INVERSE,40,9281.0,2616.0
14,TOURNAMENT,POSITION_BASED,INVERSE,41,8868.0,2626.0
14,TOURNAMENT,POSITION_BASED,INVERSE,42,9159.0,2608.0
14,TOURNAMENT,POSITION_BASED,INVERSE,43,9179.0,2638.0
14,TOURNAMENT,POSITION_BASED,INVERSE,44,9075.0,2578.0
14,TOURNAMENT,POSITION_BASED,INVERSE,45,9530.0,2620.0
14,TOURNAMENT,POSITION_BASED,INVERSE,46,8983.0,2603.0
14,TOURNAMENT,POSITION_BASED,INVERSE,47,9050.0,2601.0
14,TOURNAMENT,POSITION_BASED,INVERSE,48,9148.0,2610.0
14,TOURNAMENT,POSITION_BASED,INVERSE,49,9160.0,2603.0
14,TOURNAMENT,POSITION_BASED,INVERSE,50,9998.0,2610.0
14,TOURNAMENT,POSITION_BASED,INVERSE,51,9525.0,2602.0
14,TOURNAMENT,POSITION_BASED,INVERSE,52,9793.0,2574.0
14,TOURNAMENT,POSITION_BASED,INVERSE,53,8894.0,2592.0
14,TOURNAMENT,POSITION_BASED,INVERSE,54,9657.0,2589.0
14,TOURNAMENT,POSITION_BASED,INVERSE,55,9228.0,2559.0
14,TOURNAMENT,POSITION_BASED,INVERSE,56,9460.0,2590.0
14,TOURNAMENT,POSITION_BASED,INVERSE,57,9382.0,2596.0
14,TOURNAMENT,POSITION_BASED,INVERSE,58,9020.0,2576.0
14,TOURNAMENT,POSITION_BASED,INVERSE,59,9571.0,2558.0
14,TOURNAMENT,POSITION_BASED,INVERSE,60,9395.0,2654.0
14,TOURNAMENT,POSITION_BASED,INVERSE,61,9652.0,2651.0
14,TOURNAMENT,POSITION_BASED,INVERSE,62,9770.0,2581.0
14,TOURNAMENT,POSITION_BASED,INVERSE,63,8723.0,2587.0
14,TOURNAMENT,POSITION_BASED,INVERSE,64,9715.0,2600.0
14,TOURNAMENT,POSITION_BASED,INVERSE,65,9127.0,2579.0
14,TOURNAMENT,POSITION_BASED,INVERSE,66,9661.0,2560.0
14,TOURNAMENT,POSITION_BASED,INVERSE,67,9191.0,2589.0
14,TOURNAMENT,POSITION_BASED,INVERSE,68,9878.0,2593.0
14,TOURNAMENT,POSITION_BASED,INVERSE,69,9500.0,2526.0
14,TOURNAMENT,POSITION_BASED,INVERSE,70,9336.0,2634.0
14,TOURNAMENT,POSITION_BASED,INVERSE,71,9250.0,2624.0
14,TOURNAMENT,POSITION_BASED,INVERSE,72,9138.0,2591.0
14,TOURNAMENT,POSITION_BASED,INVERSE,73,9339.0,2645.0
14,TOURNAMENT,POSITION_BASED,INVERSE,74,9097.0,2594.0
14,TOURNAMENT,POSITION_BASED,INVERSE,75,9719.0,2549.0
14,TOURNAMENT,POSITION_BASED,INVERSE,76,9013.0,2597.0
14,TOURNAMENT,POSITION_BASED,INVERSE,77,9271.0,2607.0
14,TOURNAMENT,POSITION_BASED,INVERSE,78,9352.0,2573.0
14,TOURNAMENT,POSITION_BASED,INVERSE,79,9450.0,2584.0
14,TOURNAMENT,POSITION_BASED,INVERSE,80,9265.0,2597.0
14,TOURNAMENT,POSITION_BASED,INVERSE,81,9244.0,2609.0
14,TOURNAMENT,POSITION_BASED,INVERSE,82,9207.0,2621.0
14,TOURNAMENT,POSITION_BASED,INVERSE,83,9229.0,2609.0
14,TOURNAMENT,POSITION_BASED,INVERSE,84,9297.0,2595.0
14,TOURNAMENT,POSITION_BASED,INVERSE,85,9558.0,2580.0
14,TOURNAMENT,POSITION_BASED,INVERSE,86,9169.0,2646.0
14,TOURNAMENT,POSITION_BASED,INVERSE,87,9313.0,2630.0
14,TOURNAMENT,POSITION_BASED,INVERSE,88,9477.0,2641.0
14,TOURNAMENT,POSITION_BASED,INVERSE,89,9662.0,2540.0
14,TOURNAMENT,POSITION_BASED,INVERSE,90,9482.0,2551.0
14,TOURNAMENT,POSITION_BASED,INVERSE,91,8659.0,2563.0
14,TOURNAMENT,POSITION_BASED,INVERSE,92,9892.0,2598.0
14,TOURNAMENT,POSITION_BASED,INVERSE,93,9310.0,2614.0
14,TOURNAMENT,POSITION_BASED,INVERSE,94,9236.0,2558.0
14,TOURNAMENT,POSITION_BASED,INVERSE,95,9571.0,2585.0
14,TOURNAMENT,POSITION_BASED,INVERSE,96,9621.0,2602.0
14,TOURNAMENT,POSITION_BASED,INVERSE,97,9774.0,2586.0
14,TOURNAMENT,POSITION_BASED,INVERSE,98,9542.0,2604.0
14,TOURNAMENT,POSITION_BASED,INVERSE,99,9274.0,2619.0
15,TOURNAMENT,POSITION_BASED,DISPLACEMENT,0,9648.0,2644.0
15,TOURNAMENT,POSITION_BASED,DISPLACEMENT,1,9348.0,2653.0
15,TOURNAMENT,POSITION_BASED,DISPLACEMENT,2,9675.0,2630.0
15,TOURNAMENT,POSITION_BASED,DISPLACEMENT,3,9323.0,2646.0
15,TOURNAMENT,POSITION_BASED,DISPLACEMENT,4,9272.0,2661.0
15,TOURNAMENT,POSITION_BASED,DISPLACEMENT,5,9855.0,2624.0
15,TOURNAMENT,POSITION_BASED,DISPLACEMENT,6,9387.0,2665.0
15,TOURNAMENT,POSITION_BASED,DISPLACEMENT,7,9784.0,2629.0
15,TOURNAMENT,POSITION_BASED,DISPLACEMENT,8,8942.0,2604.0
15,TOURNAMENT,POSITION_BASED,DISPLACEMENT,9,9363.0,2602.0
15,TOURNAMENT,POSITION_BASED,DISPLACEMENT,10,9406.0,2600.0
15,TOURNAMENT,POSITION_BASED,DISPLACEMENT,11,9345.0,2610.0
15,TOURNAMENT,POSITION_BASED,DISPLACEMENT,12,9041.0,2575.0
15,TOURNAMENT,POSITION_BASED,DISPLACEMENT,13,9614.0,2594.0
15,TOURNAMENT,POSITION_BASED,DISPLACEMENT,14,9436.0,2610.0
15,TOURNAMENT,POSITION_BASED,DISPLACEMENT,15,9652.0,2607.0
15,TOURNAMENT,POSITION_BASED,DISPLACEMENT,16,9210.0,2626.0
15,TOURNAMENT,POSITION_BASED,DISPLACEMENT,17,9123.0,2639.0
15,TOURNAMENT,POSITION_BASED,DISPLACEMENT,18,9161.0,2599.0
15,TOURNAMENT,POSITION_BASED,DISPLACEMENT,19,9395.0,2581.0
15,TOURNAMENT,POSITION_BASED,DISPLACEMENT,20,9191.0,2600.0
15,TOURNAMENT,POSITION_BASED,DISPLACEMENT,21,8941.0,2608.0
15,TOURNAMENT,POSITION_BASED,DISPLACEMENT,22,9087.0,2610.0
15,TOURNAMENT,POSITION_BASED,DISPLACEMENT,23,9457.0,2632.0
15,TOURNAMENT,POSITION_BASED,DISPLACEMENT,24,9363.0,2582.0
15,TOURNAMENT,POSITION_BASED,DISPLACEMENT,25,9302.0,2612.0
15,TOURNAMENT,POSITION_BASED,DISPLACEMENT,26,8793.0,2645.0
15,TOURNAMENT,POSITION_BASED,DISPLACEMENT,27,9115.0,2610.0
15,TOURNAMENT,POSITION_BASED,DISPLACEMENT,28,9301.0,2662.0
15,TOURNAMENT,POSITION_BASED,DISPLACEMENT,29,9180.0,2653.0
15,TOURNAMENT,POSITION_BASED,DISPLACEMENT,30,9422.0,2637.0
15,TOURNAMENT,POSITION_BASED,DISPLACEMENT,31,9037.0,2625.0
15,TOURNAMENT,POSITION_BASED,DISPLACEMENT,32,9653.0,2609.0
15,TOURNAMENT,POSITION_BASED,DISPLACEMENT,33,8633.0,2654.0
15,TOURNAMENT,POSITION_BASED,DISPLACEMENT,34,8998.0,2623.0
15,TOURNAMENT,POSITION_BASED,DISPLACEMENT,35,9059.0,2592.0
15,TOURNAMENT,POSITION_BASED,DISPLACEMENT,36,9320.0,2556.0
15,TOURNAMENT,POSITION_BASED,DISPLACEMENT,37,9293.0,2602.0
15,TOURNAMENT,POSITION_BASED,DISPLACEMENT,38,8497.0,2655.0
15,TOURNAMENT,POSITION_BASED,DISPLACEMENT,39,8769.0,2622.0
15,TOURNAMENT,POSITION_BASED,DISPLACEMENT,40,9172.0,2605.0
15,TOURNAMENT,POSITION_BASED,DISPLACEMENT,41,8780.0,2632.0
15,TOURNAMENT,POSITION_BASED,DISPLACEMENT,42,9196.0,2595.0
15,TOURNAMENT,POSITION_BASED,DISPLACEMENT,43,9219.0,2599.0
15,TOURNAMENT,POSITION_BASED,DISPLACEMENT,44,9703.0,2577.0
15,TOURNAMENT,POSITION_BASED,DISPLACEMENT,45,9185.0,2565.0
15,TOURNAMENT,POSITION_BASED,DISPLACEMENT,46,9058.0,2581.0
15,TOURNAMENT,POSITION_BASED,DISPLACEMENT,47,9860.0,2564.0
15,TOURNAMENT,POSITION_BASED,DISPLACEMENT,48,9241.0,2586.0
15,TOURNAMENT,POSITION_BASED,DISPLACEMENT,49,9532.0,2582.0
15,TOURNAMENT,POSITION_BASED,DISPLACEMENT,50,9499.0,2539.0
15,TOURNAMENT,POSITION_BASED,DISPLACEMENT,51,8802.0,2585.0
15,TOURNAMENT,POSITION_BASED,DISPLACEMENT,52,9146.0,2644.0
15,TOURNAMENT,POSITION_BASED,DISPLACEMENT,53,9430.0,2620.0
15,TOURNAMENT,POSITION_BASED,DISPLACEMENT,54,9264.0,2647.0
15,TOURNAMENT,POSITION_BASED,DISPLACEMENT,55,9439.0,2592.0
15,TOURNAMENT,POSITION_BASED,DISPLACEMENT,56,9251.0,2633.0
15,TOURNAMENT,POSITION_BASED,DISPLACEMENT,57,8978.0,2640.0
15,TOURNAMENT,POSITION_BASED,DISPLACEMENT,58,10159.0,2580.0
15,TOURNAMENT,POSITION_BASED,DISPLACEMENT,59,9194.0,2586.0
15,TOURNAMENT,POSITION_BASED,DISPLACEMENT,60,9149.0,2570.0
15,TOURNAMENT,POSITION_BASED,DISPLACEMENT,61,9140.0,2604.0
15,TOURNAMENT,POSITION_BASED,DISPLACEMENT,62,9445.0,2617.0
15,TOURNAMENT,POSITION_BASED,DISPLACEMENT,63,9240.0,2561.0
15,TOURNAMENT,POSITION_BASED,DISPLACEMENT,64,9200.0,2619.0
15,TOURNAMENT,POSITION_BASED,DISPLACEMENT,65,9552.0,2670.0
15,TOURNAMENT,POSITION_BASED,DISPLACEMENT,66,8971.0,2637.0
15,TOURNAMENT,POSITION_BASED,DISPLACEMENT,67,9521.0,2579.0
15,TOURNAMENT,POSITION_BASED,DISPLACEMENT,68,8779.0,2613.0
15,TOURNAMENT,POSITION_BASED,DISPLACEMENT,69,9263.0,2584.0
15,TOURNAMENT,POSITION_BASED,DISPLACEMENT,70,9630.0,2554.0
15,TOURNAMENT,POSITION_BASED,DISPLACEMENT,71,9414.0,2545.0
15,TOURNAMENT,POSITION_BASED,DISPLACEMENT,72,9062.0,2592.0
15,TOURNAMENT,POSITION_BASED,DISPLACEMENT,73,9094.0,2532.0
15,TOURNAMENT,POSITION_BASED,DISPLACEMENT,74,8953.0,2580.0
15,TOURNAMENT,POSITION_BASED,DISPLACEMENT,75,9160.0,2598.0
15,TOURNAMENT,POSITION_BASED,DISPLACEMENT,76,9461.0,2544.0
15,TOURNAMENT,POSITION_BASED,DISPLACEMENT,77,9527.0,2554.0
15,TOURNAMENT,POSITION_BASED,DISPLACEMENT,78,9149.0,2547.0
15,TOURNAMENT,POSITION_BASED,DISPLACEMENT,79,9014.0,2566.0
15,TOURNAMENT,POSITION_BASED,DISPLACEMENT,80,9400.0,2576.0
15,TOURNAMENT,POSITION_BASED,DISPLACEMENT,81,9397.0,2555.0
15,TOURNAMENT,POSITION_BASED,DISPLACEMENT,82,9183.0,2574.0
15,TOURNAMENT,POSITION_BASED,DISPLACEMENT,83,9496.0,2592.0
15,TOURNAMENT,POSITION_BASED,DISPLACEMENT,84,9248.0,2616.0
15,TOURNAMENT,POSITION_BASED,DISPLACEMENT,85,9146.0,2586.0
15,TOURNAMENT,POSITION_BASED,DISPLACEMENT,86,9158.0,2593.0
15,TOURNAMENT,POSITION_BASED,DISPLACEMENT,87,9301.0,2586.0
15,TOURNAMENT,POSITION_BASED,DISPLACEMENT,88,9730.0,2572.0
15,TOURNAMENT,POSITION_BASED,DISPLACEMENT,89,9472.0,2607.0
15,TOURNAMENT,POSITION_BASED,DISPLACEMENT,90,8992.0,2543.0
15,TOURNAMENT,POSITION_BASED,DISPLACEMENT,91,9105.0,2598.0
15,TOURNAMENT,POSITION_BASED,DISPLACEMENT,92,9011.0,2631.0
15,TOURNAMENT,POSITION_BASED,DISPLACEMENT,93,8954.0,2576.0
15,TOURNAMENT,POSITION_BASED,DISPLACEMENT,94,9394.0,2537.0
15,TOURNAMENT,POSITION_BASED,DISPLACEMENT,95,9298.0,2580.0
15,TOURNAMENT,POSITION_BASED,DISPLACEMENT,96,9370.0,2594.0
15,TOURNAMENT,POSITION_BASED,DISPLACEMENT,97,9776.0,2572.0
15,TOURNAMENT,POSITION_BASED,DISPLACEMENT,98,9425.0,2545.0
15,TOURNAMENT,POSITION_BASED,DISPLACEMENT,99,8591.0,2601.0
16,TOURNAMENT,CYCLE,SCRAMBLE,0,9769.0,2619.0
16,TOURNAMENT,CYCLE,SCRAMBLE,1,9312.0,2598.0
16,TOURNAMENT,CYCLE,SCRAMBLE,2,9832.0,2639.0
16,TOURNAMENT,CYCLE,SCRAMBLE,3,9538.0,2613.0
16,TOURNAMENT,CYCLE,SCRAMBLE,4,9539.0,2621.0
16,TOURNAMENT,CYCLE,SCRAMBLE,5,9672.0,2575.0
16,TOURNAMENT,CYCLE,SCRAMBLE,6,9427.0,2594.0
16,TOURNAMENT,CYCLE,SCRAMBLE,7,9360.0,2592.0
16,TOURNAMENT,CYCLE,SCRAMBLE,8,9295.0,2607.0
16,TOURNAMENT,CYCLE,SCRAMBLE,9,9296.0,2610.0
16,TOURNAMENT,CYCLE,SCRAMBLE,10,9653.0,2578.0
16,TOURNAMENT,CYCLE,SCRAMBLE,11,9604.0,2639.0
16,TOURNAMENT,CYCLE,SCRAMBLE,12,9478.0,2616.0
16,TOURNAMENT,CYCLE,SCRAMBLE,13,9383.0,2601.0
16,TOURNAMENT,CYCLE,SCRAMBLE,14,9221.0,2569.0
16,TOURNAMENT,CYCLE,SCRAMBLE,15,9054.0,2515.0
16,TOURNAMENT,CYCLE,SCRAMBLE,16,8910.0,2617.0
16,TOURNAMENT,CYCLE,SCRAMBLE,17,9822.0,2595.0
16,TOURNAMENT,CYCLE,SCRAMBLE,18,9350.0,2557.0
16,TOURNAMENT,CYCLE,SCRAMBLE,19,8929.0,2577.0
16,TOURNAMENT,CYCLE,SCRAMBLE,20,9127.0,2572.0
16,TOURNAMENT,CYCLE,SCRAMBLE,21,9327.0,2583.0
16,TOURNAMENT,CYCLE,SCRAMBLE,22,9343.0,2577.0
16,TOURNAMENT,CYCLE,SCRAMBLE,23,9090.0,2565.0
16,TOURNAMENT,CYCLE,SCRAMBLE,24,9696.0,2551.0
16,TOURNAMENT,CYCLE,SCRAMBLE,25,9109.0,2554.0
16,TOURNAMENT,CYCLE,SCRAMBLE,26,9327.0,2567.0
16,TOURNAMENT,CYCLE,SCRAMBLE,27,9278.0,2553.0
16,TOURNAMENT,CYCLE,SCRAMBLE,28,8898.0,2541.0
16,TOURNAMENT,CYCLE,SCRAMBLE,29,9084.0,2524.0
16,TOURNAMENT,CYCLE,SCRAMBLE,30,8993.0,2552.0
16,TOURNAMENT,CYCLE,SCRAMBLE,31,9114.0,2536.0
16,TOURNAMENT,CYCLE,SCRAMBLE,32,9016.0,2605.0
16,TOURNAMENT,CYCLE,SCRAMBLE,33,8849.0,2554.0
16,TOURNAMENT,CYCLE,SCRAMBLE,34,9757.0,2555.0
16,TOURNAMENT,CYCLE,SCRAMBLE,35,9384.0,2543.0
16,TOURNAMENT,CYCLE,SCRAMBLE,36,8756.0,2580.0
16,TOURNAMENT,CYCLE,SCRAMBLE,37,9338.0,2526.0
16,TOURNAMENT,CYCLE,SCRAMBLE,38,9346.0,2581.0
16,TOURNAMENT,CYCLE,SCRAMBLE,39,9440.0,2536.0
16,TOURNAMENT,CYCLE,SCRAMBLE,40,9434.0,2566.0
16,TOURNAMENT,CYCLE,SCRAMBLE,41,9069.0,2593.0
16,TOURNAMENT,CYCLE,SCRAMBLE,42,9188.0,2560.0
16,TOURNAMENT,CYCLE,SCRAMBLE,43,8800.0,2599.0
16,TOURNAMENT,CYCLE,SCRAMBLE,44,9464.0,2572.0
16,TOURNAMENT,CYCLE,SCRAMBLE,45,9325.0,2596.0
16,TOURNAMENT,CYCLE,SCRAMBLE,46,8934.0,2592.0
16,TOURNAMENT,CYCLE,SCRAMBLE,47,9290.0,2581.0
16,TOURNAMENT,CYCLE,SCRAMBLE,48,9339.0,2584.0
16,TOURNAMENT,CYCLE,SCRAMBLE,49,8928.0,2582.0
16,TOURNAMENT,CYCLE,SCRAMBLE,50,8921.0,2575.0
16,TOURNAMENT,CYCLE,SCRAMBLE,51,8901.0,2605.0
16,TOURNAMENT,CYCLE,SCRAMBLE,52,9245.0,2611.0
16,TOURNAMENT,CYCLE,SCRAMBLE,53,9030.0,2591.0
16,TOURNAMENT,CYCLE,SCRAMBLE,54,8617.0,2604.0
16,TOURNAMENT,CYCLE,SCRAMBLE,55,8593.0,2593.0
16,TOURNAMENT,CYCLE,SCRAMBLE,56,8979.0,2575.0
16,TOURNAMENT,CYCLE,SCRAMBLE,57,9055.0,2607.0
16,TOURNAMENT,CYCLE,SCRAMBLE,58,9214.0,2559.0
16,TOURNAMENT,CYCLE,SCRAMBLE,59,8756.0,2603.0
16,TOURNAMENT,CYCLE,SCRAMBLE,60,9018.0,2576.0
16,TOURNAMENT,CYCLE,SCRAMBLE,61,8641.0,2671.0
16,TOURNAMENT,CYCLE,SCRAMBLE,62,9465.0,2592.0
16,TOURNAMENT,CYCLE,SCRAMBLE,63,8921.0,2588.0
16,TOURNAMENT,CYCLE,SCRAMBLE,64,9241.0,2567.0
16,TOURNAMENT,CYCLE,SCRAMBLE,65,9089.0,2560.0
16,TOURNAMENT,CYCLE,SCRAMBLE,66,9359.0,2626.0
16,TOURNAMENT,CYCLE,SCRAMBLE,67,9025.0,2555.0
16,TOURNAMENT,CYCLE,SCRAMBLE,68,8819.0,2605.0
16,TOURNAMENT,CYCLE,SCRAMBLE,69,8999.0,2565.0
16,TOURNAMENT,CYCLE,SCRAMBLE,70,8902.0,2572.0
16,TOURNAMENT,CYCLE,SCRAMBLE,71,9460.0,2564.0
16,TOURNAMENT,CYCLE,SCRAMBLE,72,8624.0,2605.0
16,TOURNAMENT,CYCLE,SCRAMBLE,73,9076.0,2577.0
16,TOURNAMENT,CYCLE,SCRAMBLE,74,9506.0,2555.0
16,TOURNAMENT,CYCLE,SCRAMBLE,75,8968.0,2577.0
16,TOURNAMENT,CYCLE,SCRAMBLE,76,9038.0,2570.0
16,TOURNAMENT,CYCLE,SCRAMBLE,77,9153.0,2572.0
16,TOURNAMENT,CYCLE,SCRAMBLE,78,8806.0,2555.0
16,TOURNAMENT,CYCLE,SCRAMBLE,79,8992.0,2541.0
16,TOURNAMENT,CYCLE,SCRAMBLE,80,8797.0,2556.0
16,TOURNAMENT,CYCLE,SCRAMBLE,81,9090.0,2582.0
16,TOURNAMENT,CYCLE,SCRAMBLE,82,9190.0,2589.0
16,TOURNAMENT,CYCLE,SCRAMBLE,83,8733.0,2533.0
16,TOURNAMENT,CYCLE,SCRAMBLE,84,8671.0,2554.0
16,TOURNAMENT,CYCLE,SCRAMBLE,85,9304.0,2528.0
16,TOURNAMENT,CYCLE,SCRAMBLE,86,8855.0,2602.0
16,TOURNAMENT,CYCLE,SCRAMBLE,87,8814.0,2532.0
16,TOURNAMENT,CYCLE,SCRAMBLE,88,8716.0,2559.0
16,TOURNAMENT,CYCLE,SCRAMBLE,89,8847.0,2551.0
16,TOURNAMENT,CYCLE,SCRAMBLE,90,8970.0,2586.0
16,TOURNAMENT,CYCLE,SCRAMBLE,91,8802.0,2527.0
16,TOURNAMENT,CYCLE,SCRAMBLE,92,8932.0,2560.0
16,TOURNAMENT,CYCLE,SCRAMBLE,93,9282.0,2527.0
16,TOURNAMENT,CYCLE,SCRAMBLE,94,9029.0,2581.0
16,TOURNAMENT,CYCLE,SCRAMBLE,95,8553.0,2538.0
16,TOURNAMENT,CYCLE,SCRAMBLE,96,9218.0,2561.0
16,TOURNAMENT,CYCLE,SCRAMBLE,97,8929.0,2566.0
16,TOURNAMENT,CYCLE,SCRAMBLE,98,9299.0,2533.0
16,TOURNAMENT,CYCLE,SCRAMBLE,99,9325.0,2572.0
17,TOURNAMENT,CYCLE,INVERSE,0,9716.0,2691.0
17,TOURNAMENT,CYCLE,INVERSE,1,9427.0,2642.0
17,TOURNAMENT,CYCLE,INVERSE,2,9347.0,2645.0
17,TOURNAMENT,CYCLE,INVERSE,3,9507.0,2647.0
17,TOURNAMENT,CYCLE,INVERSE,4,9244.0,2680.0
17,TOURNAMENT,CYCLE,INVERSE,5,9481.0,2646.0
17,TOURNAMENT,CYCLE,INVERSE,6,9083.0,2653.0
17,TOURNAMENT,CYCLE,INVERSE,7,9064.0,2661.0
17,TOURNAMENT,CYCLE,INVERSE,8,9194.0,2605.0
17,TOURNAMENT,CYCLE,INVERSE,9,9238.0,2640.0
17,TOURNAMENT,CYCLE,INVERSE,10,9760.0,2607.0
17,TOURNAMENT,CYCLE,INVERSE,11,9264.0,2604.0
17,TOURNAMENT,CYCLE,INVERSE,12,9250.0,2551.0
17,TOURNAMENT,CYCLE,INVERSE,13,9168.0,2578.0
17,TOURNAMENT,CYCLE,INVERSE,14,9131.0,2598.0
17,TOURNAMENT,CYCLE,INVERSE,15,9322.0,2568.0
17,TOURNAMENT,CYCLE,INVERSE,16,9260.0,2604.0
17,TOURNAMENT,CYCLE,INVERSE,17,9306.0,2651.0
17,TOURNAMENT,CYCLE,INVERSE,18,9356.0,2573.0
17,TOURNAMENT,CYCLE,INVERSE,19,9033.0,2598.0
17,TOURNAMENT,CYCLE,INVERSE,20,9174.0,2614.0
17,TOURNAMENT,CYCLE,INVERSE,21,8684.0,2614.0
17,TOURNAMENT,CYCLE,INVERSE,22,8608.0,2593.0
17,TOURNAMENT,CYCLE,INVERSE,23,9348.0,2547.0
17,TOURNAMENT,CYCLE,INVERSE,24,8931.0,2607.0
17,TOURNAMENT,CYCLE,INVERSE,25,9571.0,2596.0
17,TOURNAMENT,CYCLE,INVERSE,26,9512.0,2578.0
17,TOURNAMENT,CYCLE,INVERSE,27,9449.0,2563.0
17,TOURNAMENT,CYCLE,INVERSE,28,9540.0,2569.0
17,TOURNAMENT,CYCLE,INVERSE,29,8967.0,2559.0
17,TOURNAMENT,CYCLE,INVERSE,30,9029.0,2565.0
17,TOURNAMENT,CYCLE,INVERSE,31,8744.0,2571.0
17,TOURNAMENT,CYCLE,INVERSE,32,9185.0,2587.0
17,TOURNAMENT,CYCLE,INVERSE,33,8740.0,2570.0
17,TOURNAMENT,CYCLE,INVERSE,34,8925.0,2627.0
17,TOURNAMENT,CYCLE,INVERSE,35,8972.0,2556.0
17,TOURNAMENT,CYCLE,INVERSE,36,8955.0,2608.0
17,TOURNAMENT,CYCLE,INVERSE,37,8888.0,2563.0
17,TOURNAMENT,CYCLE,INVERSE,38,8669.0,2573.0
17,TOURNAMENT,CYCLE,INVERSE,39,9131.0,2572.0
17,TOURNAMENT,CYCLE,INVERSE,40,8850.0,2587.0
17,TOURNAMENT,CYCLE,INVERSE,41,8716.0,2562.0
17,TOURNAMENT,CYCLE,INVERSE,42,8628.0,2563.0
17,TOURNAMENT,CYCLE,INVERSE,43,8988.0,2548.0
17,TOURNAMENT,CYCLE,INVERSE,44,8936.0,2554.0
17,TOURNAMENT,CYCLE,INVERSE,45,8866.0,2553.0
17,TOURNAMENT,CYCLE,INVERSE,46,8896.0,2547.0
17,TOURNAMENT,CYCLE,INVERSE,47,8605.0,2554.0
17,TOURNAMENT,CYCLE,INVERSE,48,8359.0,2561.0
17,TOURNAMENT,CYCLE,INVERSE,49,8596.0,2590.0
17,TOURNAMENT,CYCLE,INVERSE,50,9159.0,2603.0
17,TOURNAMENT,CYCLE,INVERSE,51,9400.0,2547.0
17,TOURNAMENT,CYCLE,INVERSE,52,8768.0,2562.0
17,TOURNAMENT,CYCLE,INVERSE,53,8915.0,2556.0
17,TOURNAMENT,CYCLE,INVERSE,54,8591.0,2570.0
17,TOURNAMENT,CYCLE,INVERSE,55,8670.0,2545.0
17,TOURNAMENT,CYCLE,INVERSE,56,9014.0,2546.0
17,TOURNAMENT,CYCLE,INVERSE,57,8713.0,2565.0
17,TOURNAMENT,CYCLE,INVERSE,58,8642.0,2565.0
17,TOURNAMENT,CYCLE,INVERSE,59,8481.0,2575.0
17,TOURNAMENT,CYCLE,INVERSE,60,8966.0,2552.0
17,TOURNAMENT,CYCLE,INVERSE,61,8800.0,2564.0
17,TOURNAMENT,CYCLE,INVERSE,62,9248.0,2516.0
17,TOURNAMENT,CYCLE,INVERSE,63,8764.0,2557.0
17,TOURNAMENT,CYCLE,INVERSE,64,8678.0,2524.0
17,TOURNAMENT,CYCLE,INVERSE,65,8505.0,2523.0
17,TOURNAMENT,CYCLE,INVERSE,66,8786.0,2508.0
17,TOURNAMENT,CYCLE,INVERSE,67,8904.0,2552.0
17,TOURNAMENT,CYCLE,INVERSE,68,9216.0,2557.0
17,TOURNAMENT,CYCLE,INVERSE,69,9080.0,2539.0
17,TOURNAMENT,CYCLE,INVERSE,70,8848.0,2532.0
17,TOURNAMENT,CYCLE,INVERSE,71,8910.0,2543.0
17,TOURNAMENT,CYCLE,INVERSE,72,8853.0,2532.0
17,TOURNAMENT,CYCLE,INVERSE,73,8661.0,2526.0
17,TOURNAMENT,CYCLE,INVERSE,74,8834.0,2563.0
17,TOURNAMENT,CYCLE,INVERSE,75,8600.0,2535.0
17,TOURNAMENT,CYCLE,INVERSE,76,8035.0,2558.0
17,TOURNAMENT,CYCLE,INVERSE,77,8428.0,2546.0
17,TOURNAMENT,CYCLE,INVERSE,78,8879.0,2543.0
17,TOURNAMENT,CYCLE,INVERSE,79,8809.0,2533.0
17,TOURNAMENT,CYCLE,INVERSE,80,8916.0,2527.0
17,TOURNAMENT,CYCLE,INVERSE,81,8649.0,2513.0
17,TOURNAMENT,CYCLE,INVERSE,82,8750.0,2501.0
17,TOURNAMENT,CYCLE,INVERSE,83,8491.0,2554.0
17,TOURNAMENT,CYCLE,INVERSE,84,9143.0,2508.0
17,TOURNAMENT,CYCLE,INVERSE,85,8711.0,2527.0
17,TOURNAMENT,CYCLE,INVERSE,86,8245.0,2563.0
17,TOURNAMENT,CYCLE,INVERSE,87,8411.0,2562.0
17,TOURNAMENT,CYCLE,INVERSE,88,8438.0,2570.0
17,TOURNAMENT,CYCLE,INVERSE,89,8431.0,2539.0
17,TOURNAMENT,CYCLE,INVERSE,90,8435.0,2547.0
17,TOURNAMENT,CYCLE,INVERSE,91,8239.0,2553.0
17,TOURNAMENT,CYCLE,INVERSE,92,8544.0,2524.0
17,TOURNAMENT,CYCLE,INVERSE,93,8789.0,2552.0
17,TOURNAMENT,CYCLE,INVERSE,94,8644.0,2552.0
17,TOURNAMENT,CYCLE,INVERSE,95,8634.0,2510.0
17,TOURNAMENT,CYCLE,INVERSE,96,8265.0,2541.0
17,TOURNAMENT,CYCLE,INVERSE,97,8138.0,2510.0
17,TOURNAMENT,CYCLE,INVERSE,98,8723.0,2529.0
17,TOURNAMENT,CYCLE,INVERSE,99,8236.0,2517.0
18,TOURNAMENT,CYCLE,DISPLACEMENT,0,9394.0,2662.0
18,TOURNAMENT,CYCLE,DISPLACEMENT,1,9530.0,2670.0
18,TOURNAMENT,CYCLE,DISPLACEMENT,2,9618.0,2663.0
18,TOURNAMENT,CYCLE,DISPLACEMENT,3,9130.0,2646.0
18,TOURNAMENT,CYCLE,DISPLACEMENT,4,9540.0,2665.0
18,TOURNAMENT,CYCLE,DISPLACEMENT,5,9052.0,2646.0
18,TOURNAMENT,CYCLE,DISPLACEMENT,6,9803.0,2653.0
18,TOURNAMENT,CYCLE,DISPLACEMENT,7,9746.0,2663.0
18,TOURNAMENT,CYCLE,DISPLACEMENT,8,9562.0,2658.0
18,TOURNAMENT,CYCLE,DISPLACEMENT,9,9239.0,2656.0
18,TOURNAMENT,CYCLE,DISPLACEMENT,10,9397.0,2649.0
18,TOURNAMENT,CYCLE,DISPLACEMENT,11,8693.0,2635.0
18,TOURNAMENT,CYCLE,DISPLACEMENT,12,9154.0,2619.0
18,TOURNAMENT,CYCLE,DISPLACEMENT,13,8591.0,2615.0
18,TOURNAMENT,CYCLE,DISPLACEMENT,14,8714.0,2614.0
18,TOURNAMENT,CYCLE,DISPLACEMENT,15,8723.0,2631.0
18,TOURNAMENT,CYCLE,DISPLACEMENT,16,8420.0,2616.0
18,TOURNAMENT,CYCLE,DISPLACEMENT,17,8728.0,2631.0
18,TOURNAMENT,CYCLE,DISPLACEMENT,18,8622.0,2612.0
18,TOURNAMENT,CYCLE,DISPLACEMENT,19,8387.0,2612.0
18,TOURNAMENT,CYCLE,DISPLACEMENT,20,8597.0,2611.0
18,TOURNAMENT,CYCLE,DISPLACEMENT,21,8952.0,2597.0
18,TOURNAMENT,CYCLE,DISPLACEMENT,22,8701.0,2591.0
18,TOURNAMENT,CYCLE,DISPLACEMENT,23,8513.0,2591.0
18,TOURNAMENT,CYCLE,DISPLACEMENT,24,8146.0,2617.0
18,TOURNAMENT,CYCLE,DISPLACEMENT,25,8160.0,2618.0
18,TOURNAMENT,CYCLE,DISPLACEMENT,26,8215.0,2581.0
18,TOURNAMENT,CYCLE,DISPLACEMENT,27,8307.0,2606.0
18,TOURNAMENT,CYCLE,DISPLACEMENT,28,8732.0,2603.0
18,TOURNAMENT,CYCLE,DISPLACEMENT,29,8449.0,2570.0
18,TOURNAMENT,CYCLE,DISPLACEMENT,30,8755.0,2580.0
18,TOURNAMENT,CYCLE,DISPLACEMENT,31,8256.0,2578.0
18,TOURNAMENT,CYCLE,DISPLACEMENT,32,8278.0,2567.0
18,TOURNAMENT,CYCLE,DISPLACEMENT,33,8288.0,2577.0
18,TOURNAMENT,CYCLE,DISPLACEMENT,34,8131.0,2596.0
18,TOURNAMENT,CYCLE,DISPLACEMENT,35,8420.0,2584.0
18,TOURNAMENT,CYCLE,DISPLACEMENT,36,8336.0,2604.0
18,TOURNAMENT,CYCLE,DISPLACEMENT,37,8277.0,2575.0
18,TOURNAMENT,CYCLE,DISPLACEMENT,38,8268.0,2584.0
18,TOURNAMENT,CYCLE,DISPLACEMENT,39,8252.0,2578.0
18,TOURNAMENT,CYCLE,DISPLACEMENT,40,8148.0,2579.0
18,TOURNAMENT,CYCLE,DISPLACEMENT,41,8260.0,2575.0
18,TOURNAMENT,CYCLE,DISPLACEMENT,42,8179.0,2574.0
18,TOURNAMENT,CYCLE,DISPLACEMENT,43,8223.0,2604.0
18,TOURNAMENT,CYCLE,DISPLACEMENT,44,8063.0,2577.0
18,TOURNAMENT,CYCLE,DISPLACEMENT,45,8191.0,2605.0
18,TOURNAMENT,CYCLE,DISPLACEMENT,46,8195.0,2603.0
18,TOURNAMENT,CYCLE,DISPLACEMENT,47,8372.0,2580.0
18,TOURNAMENT,CYCLE,DISPLACEMENT,48,7941.0,2591.0
18,TOURNAMENT,CYCLE,DISPLACEMENT,49,8246.0,2577.0
18,TOURNAMENT,CYCLE,DISPLACEMENT,50,8244.0,2578.0
18,TOURNAMENT,CYCLE,DISPLACEMENT,51,8522.0,2564.0
18,TOURNAMENT,CYCLE,DISPLACEMENT,52,7947.0,2590.0
18,TOURNAMENT,CYCLE,DISPLACEMENT,53,8428.0,2548.0
18,TOURNAMENT,CYCLE,DISPLACEMENT,54,8152.0,2579.0
18,TOURNAMENT,CYCLE,DISPLACEMENT,55,8170.0,2570.0
18,TOURNAMENT,CYCLE,DISPLACEMENT,56,8297.0,2596.0
18,TOURNAMENT,CYCLE,DISPLACEMENT,57,8151.0,2588.0
18,TOURNAMENT,CYCLE,DISPLACEMENT,58,7409.0,2606.0
18,TOURNAMENT,CYCLE,DISPLACEMENT,59,8596.0,2596.0
18,TOURNAMENT,CYCLE,DISPLACEMENT,60,8012.0,2591.0
18,TOURNAMENT,CYCLE,DISPLACEMENT,61,8501.0,2564.0
18,TOURNAMENT,CYCLE,DISPLACEMENT,62,8466.0,2563.0
18,TOURNAMENT,CYCLE,DISPLACEMENT,63,8555.0,2561.0
18,TOURNAMENT,CYCLE,DISPLACEMENT,64,7976.0,2541.0
18,TOURNAMENT,CYCLE,DISPLACEMENT,65,8174.0,2559.0
18,TOURNAMENT,CYCLE,DISPLACEMENT,66,8259.0,2565.0
18,TOURNAMENT,CYCLE,DISPLACEMENT,67,8231.0,2548.0
18,TOURNAMENT,CYCLE,DISPLACEMENT,68,8114.0,2543.0
18,TOURNAMENT,CYCLE,DISPLACEMENT,69,7885.0,2562.0
18,TOURNAMENT,CYCLE,DISPLACEMENT,70,8132.0,2528.0
18,TOURNAMENT,CYCLE,DISPLACEMENT,71,7921.0,2608.0
18,TOURNAMENT,CYCLE,DISPLACEMENT,72,7963.0,2528.0
18,TOURNAMENT,CYCLE,DISPLACEMENT,73,8160.0,2581.0
18,TOURNAMENT,CYCLE,DISPLACEMENT,74,8304.0,2560.0
18,TOURNAMENT,CYCLE,DISPLACEMENT,75,8116.0,2533.0
18,TOURNAMENT,CYCLE,DISPLACEMENT,76,8052.0,2526.0
18,TOURNAMENT,CYCLE,DISPLACEMENT,77,8019.0,2556.0
18,TOURNAMENT,CYCLE,DISPLACEMENT,78,7997.0,2616.0
18,TOURNAMENT,CYCLE,DISPLACEMENT,79,7892.0,2561.0
18,TOURNAMENT,CYCLE,DISPLACEMENT,80,8320.0,2506.0
18,TOURNAMENT,CYCLE,DISPLACEMENT,81,8200.0,2554.0
18,TOURNAMENT,CYCLE,DISPLACEMENT,82,8043.0,2560.0
18,TOURNAMENT,CYCLE,DISPLACEMENT,83,7922.0,2551.0
18,TOURNAMENT,CYCLE,DISPLACEMENT,84,8069.0,2535.0
18,TOURNAMENT,CYCLE,DISPLACEMENT,85,8025.0,2531.0
18,TOURNAMENT,CYCLE,DISPLACEMENT,86,7922.0,2564.0
18,TOURNAMENT,CYCLE,DISPLACEMENT,87,8112.0,2552.0
18,TOURNAMENT,CYCLE,DISPLACEMENT,88,7897.0,2569.0
18,TOURNAMENT,CYCLE,DISPLACEMENT,89,8171.0,2558.0
18,TOURNAMENT,CYCLE,DISPLACEMENT,90,7946.0,2546.0
18,TOURNAMENT,CYCLE,DISPLACEMENT,91,7914.0,2534.0
18,TOURNAMENT,CYCLE,DISPLACEMENT,92,7803.0,2526.0
18,TOURNAMENT,CYCLE,DISPLACEMENT,93,7883.0,2538.0
18,TOURNAMENT,CYCLE,DISPLACEMENT,94,7926.0,2508.0
18,TOURNAMENT,CYCLE,DISPLACEMENT,95,7698.0,2548.0
18,TOURNAMENT,CYCLE,DISPLACEMENT,96